ID Yacimiento,Yacimiento,Cuenca,Provincia,Operadora Principal Petróleo,Operadora Principal Gas,Período Desde,Período Hasta,Petróleo Total 12M,Gas Total 12M,Variación Petróleo Último Mes,Variación Gas Último Mes,ID Actualización,Período M-11,Petróleo M-11,Gas M-11,Período M-10,Petróleo M-10,Gas M-10,Período M-9,Petróleo M-9,Gas M-9,Período M-8,Petróleo M-8,Gas M-8,Período M-7,Petróleo M-7,Gas M-7,Período M-6,Petróleo M-6,Gas M-6,Período M-5,Petróleo M-5,Gas M-5,Período M-4,Petróleo M-4,Gas M-4,Período M-3,Petróleo M-3,Gas M-3,Período M-2,Petróleo M-2,Gas M-2,Período M-1,Petróleo M-1,Gas M-1,Período M0,Petróleo M0,Gas M0
AAN,AGUADA ANACLETO,NEUQUINA,Neuquén,TECPETROL S.A.,,2025-08-01,2026-07-01,244.198,0.0,-0.4066800804828974,,ACT-2026-07,2025-08-01,31.992,0.0,2025-09-01,25.111,0.0,2025-10-01,25.816,0.0,2025-11-01,21.999,0.0,2025-12-01,19.144,0.0,2026-01-01,14.697,0.0,2026-02-01,0.928,0.0,2026-03-01,21.229,0.0,2026-04-01,17.968,0.0,2026-05-01,25.72,0.0,2026-06-01,24.85,0.0,2026-07-01,14.744,0.0
ACO,ANTICLINAL CAMPAMENTO OESTE,NEUQUINA,Neuquén,,OILSTONE ENERGIA S.A.,2025-08-01,2026-07-01,0.0,7892.57,,-0.1490177287973169,ACT-2026-07,2025-08-01,0.0,765.25,2025-09-01,0.0,749.23,2025-10-01,0.0,757.97,2025-11-01,0.0,702.33,2025-12-01,0.0,703.98,2026-01-01,0.0,611.65,2026-02-01,0.0,625.45,2026-03-01,0.0,593.84,2026-04-01,0.0,577.57,2026-05-01,0.0,607.77,2026-06-01,0.0,646.97,2026-07-01,0.0,550.56
ACY,AGUADA DEL CHIVATO,NEUQUINA,Neuquén,PATAGONIA ENERGY S.A.,PATAGONIA ENERGY S.A.,2025-08-01,2026-07-01,12461.647,4976.002,0.669647771051183,1.0605516212596342,ACT-2026-07,2025-08-01,1713.801,491.999,2025-09-01,1699.538,299.016,2025-10-01,1697.887,482.46,2025-11-01,1696.146,584.786,2025-12-01,1326.918,705.838,2026-01-01,923.78,636.903,2026-02-01,725.69,576.334,2026-03-01,640.354,522.48,2026-04-01,649.693,213.825,2026-05-01,611.72,80.75,2026-06-01,290.72,124.687,2026-07-01,485.4,256.924
ADCO,AGUADA CÁNEPA,NEUQUINA,Neuquén,PAN AMERICAN ENERGY SL,PAN AMERICAN ENERGY SL,2025-08-01,2026-07-01,272393.5937,12675.2427,0.11196753696033857,0.017260923564361708,ACT-2026-07,2025-08-01,24441.0515,1040.0126,2025-09-01,21882.5536,1025.1,2025-10-01,25015.4432,1180.2,2025-11-01,26603.7621,1472.91,2025-12-01,26133.2,1463.4737,2026-01-01,25206.2941,1213.6,2026-02-01,20764.76,824.33,2026-03-01,21924.82,1002.11,2026-04-01,21170.94,869.971,2026-05-01,20896.7101,894.012,2026-06-01,18160.345,837.5334,2026-07-01,20193.7141,851.99
AGA,AGUADA DE LA ARENA,NEUQUINA,Neuquén,YPF S.A.,YPF S.A.,2025-08-01,2026-07-01,6021.04,1377800.21,7.52530170049369,-0.22422731849266975,ACT-2026-07,2025-08-01,823.64,182908.76,2025-09-01,855.32,142171.7,2025-10-01,625.34,108410.81,2025-11-01,179.21,74947.47,2025-12-01,859.34,88240.44,2026-01-01,530.9,77229.87,2026-02-01,236.99,104113.58,2026-03-01,0.0,122476.58,2026-04-01,372.95,90168.96,2026-05-01,148.18,149383.78,2026-06-01,145.84,133884.4,2026-07-01,1243.33,103863.86
AGCA,AGUADA DE CASTRO,NEUQUINA,Neuquén,,PAN AMERICAN ENERGY SL,2025-08-01,2026-07-01,0.0,135530.2,,0.004999682218264301,ACT-2026-07,2025-08-01,0.0,18919.8401,2025-09-01,0.0,11609.5426,2025-10-01,0.0,825.91,2025-11-01,0.0,0.0,2025-12-01,0.0,0.0,2026-01-01,0.0,10444.18,2026-02-01,0.0,19688.2201,2026-03-01,0.0,17166.7314,2026-04-01,0.0,14871.3836,2026-05-01,0.0,14874.14,2026-06-01,0.0,13531.3,2026-07-01,0.0,13598.9522
AGFD,AGUADA FEDERAL,NEUQUINA,Neuquén,VISTA ENERGY ARGENTINA SAU,VISTA ENERGY ARGENTINA SAU,2025-08-01,2026-07-01,330919.3,51197.314,-0.06868072500207989,-0.07479207921581543,ACT-2026-07,2025-08-01,11545.855,2339.635,2025-09-01,23202.987,3667.29,2025-10-01,40716.065,5899.713,2025-11-01,28381.406,4293.404,2025-12-01,26269.153,3989.822,2026-01-01,23611.6,3670.98,2026-02-01,21865.88,3892.16,2026-03-01,17558.244,3688.63,2026-04-01,24337.278,4016.71,2026-05-01,44203.384,6081.022,2026-06-01,35844.642,5016.574,2026-07-01,33382.806,4641.374
ALL,AGUADA LOS LOROS,NEUQUINA,Neuquén,PLUSPETROL CUENCA NEUQUINA S.R.L.,PLUSPETROL CUENCA NEUQUINA S.R.L.,2025-08-01,2026-07-01,12633.56,32166.76,0.04224699580136093,-0.03528546842887925,ACT-2026-07,2025-08-01,1107.11,2490.52,2025-09-01,1096.28,2398.77,2025-10-01,1205.77,2713.64,2025-11-01,959.42,2521.58,2025-12-01,1095.16,2840.64,2026-01-01,933.98,2604.5,2026-02-01,1036.53,2908.84,2026-03-01,882.05,2691.17,2026-04-01,901.88,1840.68,2026-05-01,1299.51,3277.11,2026-06-01,1036.05,2992.45,2026-07-01,1079.82,2886.86
AMOR,AGUILA MORA,NEUQUINA,Neuquén,VISTA ENERGY ARGENTINA SAU,VISTA ENERGY ARGENTINA SAU,2025-08-01,2026-07-01,19284.725,5496.481,0.03881964524316195,0.0322654671221938,ACT-2026-07,2025-08-01,1884.674,683.063,2025-09-01,1774.76,518.75,2025-10-01,1699.152,666.953,2025-11-01,1599.101,471.784,2025-12-01,1676.164,479.81,2026-01-01,1644.72,425.48,2026-02-01,1459.55,333.4,2026-03-01,1564.024,368.35,2026-04-01,1531.94,332.53,2026-05-01,1566.75,348.48,2026-06-01,1414.49,427.051,2026-07-01,1469.4,440.83
ANC,ANTICLINAL CAMPAMENTO,NEUQUINA,Neuquén,OILSTONE ENERGIA S.A.,OILSTONE ENERGIA S.A.,2025-08-01,2026-07-01,613.98,10428.8302,-0.12466951393125891,-0.09510410804727076,ACT-2026-07,2025-08-01,95.54,1433.17,2025-09-01,67.22,1232.8201,2025-10-01,67.76,1304.04,2025-11-01,62.25,1055.19,2025-12-01,43.68,1079.86,2026-01-01,15.58,935.78,2026-02-01,16.54,412.88,2026-03-01,42.34,220.5601,2026-04-01,52.69,391.07,2026-05-01,58.17,840.21,2026-06-01,49.17,799.65,2026-07-01,43.04,723.6
ANCE,ANTICLINAL CAMPAMENTO ESTE,NEUQUINA,Neuquén,OILSTONE ENERGIA S.A.,OILSTONE ENERGIA S.A.,2025-08-01,2026-07-01,16.549,1640.69,1.7804878048780486,0.17377791824694477,ACT-2026-07,2025-08-01,5.8296,201.88,2025-09-01,3.3067,192.23,2025-10-01,1.0368,66.84,2025-11-01,0.0,0.0,2025-12-01,0.0,0.0,2026-01-01,0.0,24.42,2026-02-01,0.085,94.8,2026-03-01,0.0,148.28,2026-04-01,2.1242,257.82,2026-05-01,1.0667,241.75,2026-06-01,0.82,189.84,2026-07-01,2.28,222.83
ANCS,ANTICLINAL CAMPAMENTO SUR,NEUQUINA,Neuquén,,OILSTONE ENERGIA S.A.,2025-08-01,2026-07-01,0.0,15406.5401,,-0.21513561878098242,ACT-2026-07,2025-08-01,0.0,1345.08,2025-09-01,0.0,1356.51,2025-10-01,0.0,1343.89,2025-11-01,0.0,1341.22,2025-12-01,0.0,1380.59,2026-01-01,0.0,1195.97,2026-02-01,0.0,1082.49,2026-03-01,0.0,1381.08,2026-04-01,0.0,1195.17,2026-05-01,0.0,1310.9501,2026-06-01,0.0,1385.87,2026-07-01,0.0,1087.72
APEM,AGUADA PICHANA ESTE MULICHINCO,NEUQUINA,Neuquén,TOTAL AUSTRAL S.A.,TOTAL AUSTRAL S.A.,2025-08-01,2026-07-01,5530.99,535840.1551,0.0020461892674508153,0.09429281818004664,ACT-2026-07,2025-08-01,615.761,60372.502,2025-09-01,594.85,48103.511,2025-10-01,504.109,42568.82,2025-11-01,439.578,50567.1471,2025-12-01,399.943,48106.461,2026-01-01,353.923,42615.945,2026-02-01,319.228,41443.129,2026-03-01,447.426,40666.504,2026-04-01,466.08,37178.107,2026-05-01,796.187,43394.846,2026-06-01,296.649,38592.112,2026-07-01,297.256,42231.071
APO,AGUADA PICHANA OESTE,NEUQUINA,Neuquén,,PAN AMERICAN ENERGY SL,2025-08-01,2026-07-01,0.0,2695024.61,,0.029519497737231726,ACT-2026-07,2025-08-01,0.0,272401.86,2025-09-01,0.0,207069.26,2025-10-01,0.0,135961.29,2025-11-01,0.0,130934.94,2025-12-01,0.0,215185.68,2026-01-01,0.0,217521.99,2026-02-01,0.0,211335.97,2026-03-01,0.0,203484.35,2026-04-01,0.0,231433.55,2026-05-01,0.0,273836.67,2026-06-01,0.0,293596.12,2026-07-01,0.0,302262.93
APVM,AGUADA PICHANA ESTE VACA MUERTA,NEUQUINA,Neuquén,TOTAL AUSTRAL S.A.,TOTAL AUSTRAL S.A.,2025-08-01,2026-07-01,113532.6421,3612857.6497,-0.0017210566380206904,0.03196690940150049,ACT-2026-07,2025-08-01,11080.7432,338785.0096,2025-09-01,7691.1744,246478.2248,2025-10-01,5273.3532,258822.4493,2025-11-01,6986.244,267477.2137,2025-12-01,8395.6213,300908.8759,2026-01-01,7591.6243,273465.504,2026-02-01,7684.5612,259705.1201,2026-03-01,9980.3662,318579.761,2026-04-01,12276.9043,323539.3926,2026-05-01,12263.746,347549.2639,2026-06-01,12164.62,333443.833,2026-07-01,12143.684,344103.0018
AQI,AGUADA QUINCHAO,NEUQUINA,Neuquén,OILSTONE ENERGIA S.A.,,2025-08-01,2026-07-01,1202.4375,0.0,0.07420147420147405,,ACT-2026-07,2025-08-01,144.725,0.0,2025-09-01,119.385,0.0,2025-10-01,140.775,0.0,2025-11-01,130.63,0.0,2025-12-01,132.4,0.0,2026-01-01,91.245,0.0,2026-02-01,37.1975,0.0,2026-03-01,76.11,0.0,2026-04-01,79.045,0.0,2026-05-01,82.085,0.0,2026-06-01,81.4,0.0,2026-07-01,87.44,0.0
AVI,AGUADA VILLANUEVA,NEUQUINA,Neuquén,PLUSPETROL S.A.,PLUSPETROL S.A.,2025-08-01,2026-07-01,40485.45,72832.649,,,ACT-2026-07,2025-08-01,4936.057,8029.377,2025-09-01,4750.078,6703.265,2025-10-01,4514.636,7678.041,2025-11-01,3839.483,7065.598,2025-12-01,4050.009,7300.324,2026-01-01,3970.503,7268.916,2026-02-01,3504.115,6905.887,2026-03-01,2488.729,5324.858,2026-04-01,4051.94,8521.613,2026-05-01,4379.9,8034.77,2026-06-01,0.0,0.0,2026-07-01,0.0,0.0
AVN,AGUADA VILLANUEVA NORTE,NEUQUINA,Neuquén,YPF S.A.,YPF S.A.,2025-08-01,2026-07-01,7189.07,13054.79,-0.11448571780769456,-0.16286521644905905,ACT-2026-07,2025-08-01,0.0,0.0,2025-09-01,0.0,0.0,2025-10-01,0.0,0.0,2025-11-01,0.0,0.0,2025-12-01,0.0,0.0,2026-01-01,0.0,0.0,2026-02-01,0.0,0.0,2026-03-01,0.0,0.0,2026-04-01,0.0,0.0,2026-05-01,0.0,0.0,2026-06-01,3812.79,7106.06,2026-07-01,3376.28,5948.73
BADC,BAJO DEL CHOIQUE,NEUQUINA,Neuquén,PLUSPETROL CUENCA NEUQUINA S.R.L.,PLUSPETROL CUENCA NEUQUINA S.R.L.,2025-08-01,2026-07-01,1399554.07,518821.32,0.17451136087540986,0.1547991350094835,ACT-2026-07,2025-08-01,64303.08,24639.89,2025-09-01,58913.18,22626.08,2025-10-01,69753.21,29089.8,2025-11-01,80576.41,28887.72,2025-12-01,111462.91,40618.97,2026-01-01,119974.96,44463.81,2026-02-01,107570.37,40276.67,2026-03-01,114237.7,45722.58,2026-04-01,117370.35,43734.92,2026-05-01,141546.9,51186.66,2026-06-01,190316.32,68486.3,2026-07-01,223528.68,79087.92
BAEO,BAJADA DE AÑELO,NEUQUINA,Neuquén,SHELL ARGENTINA S.A.,SHELL ARGENTINA S.A.,2025-08-01,2026-07-01,352650.53,336003.59,0.05472995829073102,0.07029850517426572,ACT-2026-07,2025-08-01,0.0,0.0,2025-09-01,0.0,0.0,2025-10-01,26726.86,29211.77,2025-11-01,27500.37,29649.78,2025-12-01,33255.26,31595.95,2026-01-01,39042.51,35632.48,2026-02-01,31163.27,27341.84,2026-03-01,30589.88,27060.72,2026-04-01,28384.5,25972.36,2026-05-01,33880.15,32318.88,2026-06-01,49693.99,46959.32,2026-07-01,52413.74,50260.49
BAG,AGUADA BAGUALES,NEUQUINA,Neuquén,OILSTONE ENERGIA S.A.,OILSTONE ENERGIA S.A.,2025-08-01,2026-07-01,26497.29,7908.6,0.025649870515005446,0.052988691437802826,ACT-2026-07,2025-08-01,2796.79,762.9,2025-09-01,2158.64,682.7,2025-10-01,2557.63,758.7,2025-11-01,2569.63,649.1,2025-12-01,2398.1,692.9,2026-01-01,2350.17,695.2,2026-02-01,1662.76,536.3,2026-03-01,1849.88,574.2,2026-04-01,2087.15,621.8,2026-05-01,2132.1,664.0,2026-06-01,1942.31,619.0,2026-07-01,1992.13,651.8
BAN,CERRO BANDERA,NEUQUINA,Neuquén,OILSTONE ENERGIA S.A.,OILSTONE ENERGIA S.A.,2025-08-01,2026-07-01,28579.08,33489.385,-0.029475239470757142,0.014010103968370213,ACT-2026-07,2025-08-01,2879.96,3189.64,2025-09-01,1724.85,2493.67,2025-10-01,2597.08,3073.72,2025-11-01,2568.38,2928.72,2025-12-01,2736.85,2834.64,2026-01-01,2435.5,2880.905,2026-02-01,1453.59,2818.62,2026-03-01,2429.36,2045.51,2026-04-01,2520.58,2891.17,2026-05-01,2484.99,2831.32,2026-06-01,2409.48,2731.6,2026-07-01,2338.46,2769.87
BAP,BAJADA DEL PALO,NEUQUINA,Neuquén,VISTA ENERGY ARGENTINA SAU,VISTA ENERGY ARGENTINA SAU,2025-08-01,2026-07-01,0.02,0.03,,,ACT-2026-07,2025-08-01,0.0,0.0,2025-09-01,0.02,0.03,2025-10-01,0.0,0.0,2025-11-01,0.0,0.0,2025-12-01,0.0,0.0,2026-01-01,0.0,0.0,2026-02-01,0.0,0.0,2026-03-01,0.0,0.0,2026-04-01,0.0,0.0,2026-05-01,0.0,0.0,2026-06-01,0.0,0.0,2026-07-01,0.0,0.0
BARZ,BARDITA ZAPALA,NEUQUINA,Neuquén,OILSTONE ENERGIA S.A.,OILSTONE ENERGIA S.A.,2025-08-01,2026-07-01,2279.58,1094.13,-0.19428119349005424,0.038011343067454906,ACT-2026-07,2025-08-01,91.56,76.16,2025-09-01,235.42,76.75,2025-10-01,285.56,83.42,2025-11-01,265.76,144.1,2025-12-01,210.28,112.74,2026-01-01,171.14,82.66,2026-02-01,87.84,71.48,2026-03-01,169.12,89.04,2026-04-01,248.24,96.73,2026-05-01,195.12,92.16,2026-06-01,176.96,82.87,2026-07-01,142.58,86.02
BAS,LOS BASTOS-LAS COPAS,NEUQUINA,Neuquén,,TECPETROL S.A.,2025-08-01,2026-07-01,0.0,56.864,,0.16283405842137988,ACT-2026-07,2025-08-01,0.0,5.133,2025-09-01,0.0,4.384,2025-10-01,0.0,4.834,2025-11-01,0.0,4.441,2025-12-01,0.0,4.394,2026-01-01,0.0,4.576,2026-02-01,0.0,4.221,2026-03-01,0.0,4.553,2026-04-01,0.0,4.839,2026-05-01,0.0,5.049,2026-06-01,0.0,4.827,2026-07-01,0.0,5.613
BBA,BAJO BAGUALES,NEUQUINA,Neuquén,,OILSTONE ENERGIA S.A.,2025-08-01,2026-07-01,0.0,571.64,,-0.3545555094704824,ACT-2026-07,2025-08-01,0.0,90.43,2025-09-01,0.0,86.8,2025-10-01,0.0,58.69,2025-11-01,0.0,0.0,2025-12-01,0.0,0.0,2026-01-01,0.0,0.0,2026-02-01,0.0,0.0,2026-03-01,0.0,0.0,2026-04-01,0.0,0.0,2026-05-01,0.0,97.69,2026-06-01,0.0,144.66,2026-07-01,0.0,93.37
BBGO,BAJO BARDA GONZALEZ,NEUQUINA,Neuquén,BENTIA ENERGY S.A.,BENTIA ENERGY S.A.,2025-08-01,2026-07-01,2071.04,306.92,-0.028467628239887244,-0.02461257976299014,ACT-2026-07,2025-08-01,188.14,49.2,2025-09-01,121.69,24.22,2025-10-01,71.45,15.05,2025-11-01,97.87,18.54,2025-12-01,189.28,26.94,2026-01-01,229.79,23.25,2026-02-01,182.68,22.82,2026-03-01,238.55,31.74,2026-04-01,178.13,31.1,2026-05-01,209.87,42.39,2026-06-01,184.42,10.97,2026-07-01,179.17,10.7
BCD,BORDE COLORADO,NEUQUINA,Neuquén,OILSTONE ENERGIA S.A.,,2025-08-01,2026-07-01,1194.3589,0.0,-0.37610437641257455,,ACT-2026-07,2025-08-01,111.8761,0.0,2025-09-01,109.5425,0.0,2025-10-01,97.6894,0.0,2025-11-01,125.5792,0.0,2025-12-01,124.7844,0.0,2026-01-01,128.8773,0.0,2026-02-01,20.8279,0.0,2026-03-01,108.5725,0.0,2026-04-01,112.2408,0.0,2026-05-01,96.2988,0.0,2026-06-01,97.34,0.0,2026-07-01,60.73,0.0
BCE,BORDE COLORADO ESTE,NEUQUINA,Neuquén,OILSTONE ENERGIA S.A.,,2025-08-01,2026-07-01,2076.9849,0.0,-0.2670892581805723,,ACT-2026-07,2025-08-01,184.9992,0.0,2025-09-01,195.6241,0.0,2025-10-01,153.847,0.0,2025-11-01,209.6039,0.0,2025-12-01,202.7332,0.0,2026-01-01,215.3465,0.0,2026-02-01,45.76,0.0,2026-03-01,197.7296,0.0,2026-04-01,184.0108,0.0,2026-05-01,183.8806,0.0,2026-06-01,175.11,0.0,2026-07-01,128.34,0.0
BDCC,BANDURRIA CENTRO,NEUQUINA,Neuquén,PAN AMERICAN ENERGY SL,PAN AMERICAN ENERGY SL,2025-08-01,2026-07-01,56492.4879,13758.68,0.32885741030677806,0.1340502540516566,ACT-2026-07,2025-08-01,5602.8225,1376.93,2025-09-01,4992.644,1213.64,2025-10-01,5777.4599,1369.1708,2025-11-01,4889.6045,1094.1201,2025-12-01,4546.4299,1059.0311,2026-01-01,4393.5599,1019.2501,2026-02-01,4220.8501,1000.7634,2026-03-01,4602.783,1094.6901,2026-04-01,4517.8522,1187.02,2026-05-01,4593.12,1201.88,2026-06-01,3587.7516,1003.8116,2026-07-01,4767.6103,1138.3728
BDSS,BANDURRIA SUR,NEUQUINA,Neuquén,YPF S.A.,YPF S.A.,2025-08-01,2026-07-01,3687458.47,765183.63,0.052771870692519096,0.05858158990869433,ACT-2026-07,2025-08-01,344904.91,66363.62,2025-09-01,317206.54,66462.55,2025-10-01,300006.04,58182.09,2025-11-01,297482.07,60975.98,2025-12-01,316762.45,63423.96,2026-01-01,315325.87,65412.98,2026-02-01,286116.85,60512.01,2026-03-01,307163.2,65257.07,2026-04-01,295188.15,60498.72,2026-05-01,316293.87,67496.69,2026-06-01,287907.55,63440.75,2026-07-01,303100.97,67157.21
BDTO,BAJO DEL TORO,NEUQUINA,Neuquén,YPF S.A.,YPF S.A.,2025-08-01,2026-07-01,43393.4,6964.38,-0.09644499324937894,0.010992797439089541,ACT-2026-07,2025-08-01,0.0,0.0,2025-09-01,0.0,0.0,2025-10-01,0.0,0.0,2025-11-01,0.0,0.0,2025-12-01,32.55,1.91,2026-01-01,4627.21,746.22,2026-02-01,5413.27,858.8,2026-03-01,7100.76,1299.26,2026-04-01,7284.81,1139.88,2026-05-01,7049.25,1109.06,2026-06-01,6243.87,899.68,2026-07-01,5641.68,909.57
BEP,BORDE ESPINOSO,NEUQUINA,Neuquén,OILSTONE ENERGIA S.A.,,2025-08-01,2026-07-01,285.7115,0.0,0.05393634840871009,,ACT-2026-07,2025-08-01,14.4717,0.0,2025-09-01,15.1146,0.0,2025-10-01,31.7805,0.0,2025-11-01,27.2414,0.0,2025-12-01,21.5203,0.0,2026-01-01,28.2707,0.0,2026-02-01,3.0453,0.0,2026-03-01,27.645,0.0,2026-04-01,30.4779,0.0,2026-05-01,24.8341,0.0,2026-06-01,29.85,0.0,2026-07-01,31.46,0.0
BES,BORDE ESPINOSO ESTE (DHA),NEUQUINA,Neuquén,OILSTONE ENERGIA S.A.,,2025-08-01,2026-07-01,502.83,0.0,0.054004106776180505,,ACT-2026-07,2025-08-01,52.93,0.0,2025-09-01,31.58,0.0,2025-10-01,51.85,0.0,2025-11-01,46.41,0.0,2025-12-01,36.92,0.0,2026-01-01,39.68,0.0,2026-02-01,8.07,0.0,2026-03-01,45.11,0.0,2026-04-01,49.73,0.0,2026-05-01,40.52,0.0,2026-06-01,48.7,0.0,2026-07-01,51.33,0.0
BGO,BARDA GONZALEZ,NEUQUINA,Neuquén,BENTIA ENERGY S.A.,BENTIA ENERGY S.A.,2025-08-01,2026-07-01,7603.63,5078.35,0.034534534534534256,-0.27420674606782425,ACT-2026-07,2025-08-01,745.89,583.33,2025-09-01,572.4,640.63,2025-10-01,372.09,340.57,2025-11-01,510.95,388.21,2025-12-01,803.1,305.59,2026-01-01,806.95,288.07,2026-02-01,624.24,383.66,2026-03-01,752.89,397.82,2026-04-01,564.27,496.76,2026-05-01,672.0,684.25,2026-06-01,579.42,329.97,2026-07-01,599.43,239.49
BMO,BORDE MOCHO,NEUQUINA,Neuquén,Petrolera Aconcagua Energia S.A.,Petrolera Aconcagua Energia S.A.,2025-08-01,2026-07-01,11798.063,2882.319,-0.08403240474378704,-0.37800449087181487,ACT-2026-07,2025-08-01,1018.09,337.759,2025-09-01,976.202,265.674,2025-10-01,1027.608,234.57,2025-11-01,940.2,219.1,2025-12-01,1049.938,239.511,2026-01-01,927.738,242.868,2026-02-01,729.491,188.327,2026-03-01,971.634,175.742,2026-04-01,956.924,202.941,2026-05-01,1135.553,277.404,2026-06-01,1077.62,307.29,2026-07-01,987.065,191.133
BMT,BORDE MONTUOSO,NEUQUINA,Neuquén,VISTA ENERGY ARGENTINA SAU,VISTA ENERGY ARGENTINA SAU,2025-08-01,2026-07-01,12.07,15433.35,,0.07390510274251127,ACT-2026-07,2025-08-01,12.07,1562.1,2025-09-01,0.0,2019.93,2025-10-01,0.0,1818.79,2025-11-01,0.0,0.0,2025-12-01,0.0,1246.37,2026-01-01,0.0,859.53,2026-02-01,0.0,1071.26,2026-03-01,0.0,1325.13,2026-04-01,0.0,1302.73,2026-05-01,0.0,1422.74,2026-06-01,0.0,1352.41,2026-07-01,0.0,1452.36
BOY,AGUADA BOCAREY,NEUQUINA,Neuquén,PATAGONIA ENERGY S.A.,,2025-08-01,2026-07-01,201.931,0.0,-1.0,,ACT-2026-07,2025-08-01,5.526,0.0,2025-09-01,0.0,0.0,2025-10-01,0.0,0.0,2025-11-01,40.893,0.0,2025-12-01,27.577,0.0,2026-01-01,28.76,0.0,2026-02-01,25.15,0.0,2026-03-01,24.929,0.0,2026-04-01,24.336,0.0,2026-05-01,23.2,0.0,2026-06-01,1.56,0.0,2026-07-01,0.0,0.0
BPE,BAJADA DEL PALO ESTE,NEUQUINA,Neuquén,VISTA ENERGY ARGENTINA SAU,VISTA ENERGY ARGENTINA SAU,2025-08-01,2026-07-01,764390.074,39372.622,0.26216317598070726,0.28790532131530155,ACT-2026-07,2025-08-01,62112.659,3604.47,2025-09-01,59720.218,2715.752,2025-10-01,58746.777,2843.301,2025-11-01,64788.362,3559.451,2025-12-01,63388.831,3643.611,2026-01-01,58428.634,3737.09,2026-02-01,51143.058,3305.49,2026-03-01,52096.638,2734.72,2026-04-01,67270.791,3326.88,2026-05-01,71954.424,3291.101,2026-06-01,68403.413,2889.436,2026-07-01,86336.269,3721.32
BPO,BAJADA DEL PALO OESTE,NEUQUINA,Neuquén,VISTA ENERGY ARGENTINA SAU,VISTA ENERGY ARGENTINA SAU,2025-08-01,2026-07-01,3147689.945,357240.523,0.023383602047552632,-0.015885471654053518,ACT-2026-07,2025-08-01,240629.136,26839.52,2025-09-01,275060.024,31235.75,2025-10-01,274292.796,31737.88,2025-11-01,238158.675,28257.12,2025-12-01,241415.584,27670.79,2026-01-01,235238.614,27135.611,2026-02-01,244310.097,27973.37,2026-03-01,308622.201,34498.96,2026-04-01,277418.212,31161.615,2026-05-01,276039.865,30403.5,2026-06-01,265152.263,30404.7,2026-07-01,271352.478,29921.707
BTN,BAJO DEL TORO NORTE,NEUQUINA,Neuquén,YPF S.A.,YPF S.A.,2025-08-01,2026-07-01,260543.31,45618.1,0.3705745669009681,0.9225421640239921,ACT-2026-07,2025-08-01,18388.24,3143.18,2025-09-01,21249.91,3780.85,2025-10-01,24903.64,4342.67,2025-11-01,26965.99,4671.01,2025-12-01,29236.83,5125.96,2026-01-01,26517.47,4466.92,2026-02-01,14543.1,2565.5,2026-03-01,16328.06,2334.99,2026-04-01,21938.45,3602.51,2026-05-01,19714.45,3710.48,2026-06-01,17192.95,2694.24,2026-07-01,23564.22,5179.79
CAO,AGUA DEL CAJON,NEUQUINA,Neuquén,CAPEX S.A.,CAPEX S.A.,2025-08-01,2026-07-01,117798.56,13919.37,-0.019030332682257844,0.014121258633921885,ACT-2026-07,2025-08-01,14772.12,1496.68,2025-09-01,11971.16,1313.68,2025-10-01,11473.02,1403.15,2025-11-01,10085.05,1403.71,2025-12-01,10171.11,1210.73,2026-01-01,9572.92,1164.3,2026-02-01,8350.77,1053.03,2026-03-01,9026.78,1082.97,2026-04-01,8340.88,999.75,2026-05-01,8405.87,954.29,2026-06-01,7889.51,912.1,2026-07-01,7739.37,924.98
CASO,COIRON AMARGO SUR OESTE,NEUQUINA,Neuquén,SHELL ARGENTINA S.A.,SHELL ARGENTINA S.A.,2025-08-01,2026-07-01,383962.79,36242.01,-0.0713688449078621,0.07071516852055981,ACT-2026-07,2025-08-01,42776.5,4136.7,2025-09-01,38655.5,3726.33,2025-10-01,34922.32,3613.12,2025-11-01,30438.15,2905.06,2025-12-01,30872.61,2863.46,2026-01-01,33055.34,2891.02,2026-02-01,26555.13,2490.46,2026-03-01,29920.39,3060.15,2026-04-01,29833.47,2834.99,2026-05-01,31162.15,2761.44,2026-06-01,28917.52,2394.96,2026-07-01,26853.71,2564.32
CASU,COIRON AMARGO SUR ESTE,NEUQUINA,Neuquén,PAN AMERICAN ENERGY SL,PAN AMERICAN ENERGY SL,2025-08-01,2026-07-01,543726.2386,33454.9347,0.3192110627361031,0.5835583260516957,ACT-2026-07,2025-08-01,32691.152,2339.62,2025-09-01,37167.35,2010.39,2025-10-01,57406.21,3208.4023,2025-11-01,59506.57,3405.22,2025-12-01,54632.3912,3266.4942,2026-01-01,50043.79,3118.6328,2026-02-01,41855.5304,2702.06,2026-03-01,35168.32,2277.0,2026-04-01,32011.7803,2037.06,2026-05-01,46955.59,2838.6945,2026-06-01,41517.3747,2419.6709,2026-07-01,54770.18,3831.69
CBY,SEÑAL CERRO BAYO,NEUQUINA,Neuquén,BENTIA ENERGY S.A.,BENTIA ENERGY S.A.,2025-08-01,2026-07-01,43448.49,19336.15,-0.002981954081565985,0.040121840636534234,ACT-2026-07,2025-08-01,3426.24,1743.9,2025-09-01,2985.99,1471.3,2025-10-01,3146.61,1695.21,2025-11-01,4271.4,1620.66,2025-12-01,4287.06,1670.45,2026-01-01,3207.74,1730.18,2026-02-01,3608.59,1446.05,2026-03-01,3347.28,1616.77,2026-04-01,3424.61,1534.88,2026-05-01,4101.68,1611.96,2026-06-01,3826.35,1565.98,2026-07-01,3814.94,1628.81
CDLO,CRUZ DE LORENA,NEUQUINA,Neuquén,SHELL ARGENTINA S.A.,SHELL ARGENTINA S.A.,2025-08-01,2026-07-01,760933.53,78310.67,0.41737912809335964,0.2994150461252736,ACT-2026-07,2025-08-01,73773.73,7289.1,2025-09-01,67789.09,6842.56,2025-10-01,63637.24,6832.57,2025-11-01,58712.32,6184.54,2025-12-01,53988.61,5829.97,2026-01-01,59433.06,6133.91,2026-02-01,52981.65,5446.3,2026-03-01,57150.83,5973.49,2026-04-01,49398.47,5472.25,2026-05-01,47081.35,5344.0,2026-06-01,73214.49,7376.65,2026-07-01,103772.69,9585.33
CDLP,CAÑADON DE LA POLVAREDA,NEUQUINA,Neuquén,,TECPETROL S.A.,2025-08-01,2026-07-01,0.0,713.224,,1.2070117761190007,ACT-2026-07,2025-08-01,0.0,47.356,2025-09-01,0.0,41.724,2025-10-01,0.0,44.452,2025-11-01,0.0,40.845,2025-12-01,0.0,40.494,2026-01-01,0.0,42.083,2026-02-01,0.0,39.225,2026-03-01,0.0,43.252,2026-04-01,0.0,59.525,2026-05-01,0.0,76.25,2026-06-01,0.0,74.218,2026-07-01,0.0,163.8
CEN,CENTENARIO CENTRO,NEUQUINA,Neuquén,FLXS OGE S.A,FLXS OGE S.A,2025-08-01,2026-07-01,14979.1601,325635.57,0.27096348074964927,-0.030722044747103716,ACT-2026-07,2025-08-01,1283.94,29058.62,2025-09-01,1318.83,27535.79,2025-10-01,1149.31,28234.37,2025-11-01,939.62,26484.11,2025-12-01,1024.3,27220.91,2026-01-01,985.63,27835.5,2026-02-01,878.23,24346.56,2026-03-01,994.81,27163.46,2026-04-01,1043.92,26250.36,2026-05-01,1234.5701,27585.11,2026-06-01,1816.85,27380.99,2026-07-01,2309.15,26539.79
CLL,CHALLACO,NEUQUINA,Neuquén,OILSTONE ENERGIA S.A.,,2025-08-01,2026-07-01,10848.3055,0.0,0.020189252499014376,,ACT-2026-07,2025-08-01,1141.5384,0.0,2025-09-01,920.6571,0.0,2025-10-01,1063.36,0.0,2025-11-01,976.41,0.0,2025-12-01,993.24,0.0,2026-01-01,984.36,0.0,2026-02-01,471.62,0.0,2026-03-01,763.27,0.0,2026-04-01,876.89,0.0,2026-05-01,914.87,0.0,2026-06-01,862.34,0.0,2026-07-01,879.75,0.0
CLNI,CERRO LAS NIÑAS,NEUQUINA,Neuquén,TECPETROL S.A.,TECPETROL S.A.,2025-08-01,2026-07-01,48135.8854,45236.8044,-0.19437851188251853,-0.26639692746651544,ACT-2026-07,2025-08-01,5749.9354,5310.2413,2025-09-01,4658.224,4599.1741,2025-10-01,5215.713,4998.1277,2025-11-01,4471.881,4432.2303,2025-12-01,4374.96,4482.562,2026-01-01,4070.969,4091.967,2026-02-01,3590.5,3477.4882,2026-03-01,3187.433,2947.298,2026-04-01,2767.2573,2515.108,2026-05-01,3704.7684,3318.2061,2026-06-01,3513.607,2921.3156,2026-07-01,2830.6373,2143.0861
CNCN,Cutral Co Norte,NEUQUINA,Neuquén,PETROLSUR ENERGIA S.A.,,2025-08-01,2026-07-01,257.49,0.0,0.07380233059991359,,ACT-2026-07,2025-08-01,29.97,0.0,2025-09-01,6.95,0.0,2025-10-01,12.5,0.0,2025-11-01,20.26,0.0,2025-12-01,28.94,0.0,2026-01-01,22.06,0.0,2026-02-01,24.44,0.0,2026-03-01,23.99,0.0,2026-04-01,15.78,0.0,2026-05-01,24.55,0.0,2026-06-01,23.17,0.0,2026-07-01,24.88,0.0
COES,CUTRAL CO ESTE,NEUQUINA,Neuquén,,PETROLSUR ENERGIA S.A.,2025-08-01,2026-07-01,0.0,1706.897,,-0.10394393575118943,ACT-2026-07,2025-08-01,0.0,138.477,2025-09-01,0.0,133.28,2025-10-01,0.0,134.24,2025-11-01,0.0,141.75,2025-12-01,0.0,18.03,2026-01-01,0.0,92.7,2026-02-01,0.0,89.41,2026-03-01,0.0,171.29,2026-04-01,0.0,211.3,2026-05-01,0.0,205.76,2026-06-01,0.0,195.49,2026-07-01,0.0,175.17
CRR,DOS CERRITOS,NEUQUINA,Neuquén,PETROLEOS SUDAMERICANOS S.A.,,2025-08-01,2026-07-01,4588.734,0.0,0.19598406338323926,,ACT-2026-07,2025-08-01,526.881,0.0,2025-09-01,531.145,0.0,2025-10-01,407.979,0.0,2025-11-01,377.166,0.0,2025-12-01,462.005,0.0,2026-01-01,417.436,0.0,2026-02-01,368.181,0.0,2026-03-01,336.536,0.0,2026-04-01,322.747,0.0,2026-05-01,258.266,0.0,2026-06-01,264.297,0.0,2026-07-01,316.095,0.0
CSN,CHIHUIDO DE LA SIERRA NEGRA,NEUQUINA,Neuquén,YPF S.A.,YPF S.A.,2025-08-01,2026-07-01,141832.0,17419.0,0.09245311450911231,0.014060644169635816,ACT-2026-07,2025-08-01,12516.34,2120.82,2025-09-01,11984.06,2037.76,2025-10-01,12521.89,2045.39,2025-11-01,11314.59,1260.08,2025-12-01,12153.47,1621.3,2026-01-01,12159.3,1332.08,2026-02-01,10666.82,1121.12,2026-03-01,11606.62,1239.23,2026-04-01,11622.67,1163.51,2026-05-01,11819.19,1171.53,2026-06-01,11215.09,1145.04,2026-07-01,12251.96,1161.14
DAD,HUINCUL,NEUQUINA,Neuquén,BENTIA ENERGY S.A.,BENTIA ENERGY S.A.,2025-08-01,2026-07-01,5568.73,13480.34,0.05213510300337165,0.05988533920485217,ACT-2026-07,2025-08-01,416.06,1521.89,2025-09-01,428.53,1563.31,2025-10-01,386.23,900.24,2025-11-01,405.09,906.02,2025-12-01,524.14,522.19,2026-01-01,461.01,546.87,2026-02-01,375.89,985.27,2026-03-01,480.29,1230.61,2026-04-01,467.42,1375.43,2026-05-01,571.14,1945.17,2026-06-01,513.09,962.84,2026-07-01,539.84,1020.5
DBA,DESFILADERO BAYO,NEUQUINA,Neuquén,YPF S.A.,YPF S.A.,2025-08-01,2026-07-01,23133.21,2613.5,-0.9998410760595531,-0.666718410431543,ACT-2026-07,2025-08-01,2616.87,255.09,2025-09-01,2212.72,241.84,2025-10-01,2071.56,241.91,2025-11-01,1999.07,224.95,2025-12-01,2669.71,253.42,2026-01-01,2588.01,256.28,2026-02-01,2086.12,216.89,2026-03-01,2024.51,218.51,2026-04-01,1792.79,213.85,2026-05-01,1687.32,233.09,2026-06-01,1384.31,193.26,2026-07-01,0.22,64.41
DSM,EL DIVISADERO - GENERAL SAN MARTIN,NEUQUINA,Neuquén,OILSTONE ENERGIA S.A.,,2025-08-01,2026-07-01,5358.5142,0.0,-0.04249116607773851,,ACT-2026-07,2025-08-01,639.5599,0.0,2025-09-01,562.182,0.0,2025-10-01,554.376,0.0,2025-11-01,553.653,0.0,2025-12-01,505.1153,0.0,2026-01-01,445.808,0.0,2026-02-01,46.72,0.0,2026-03-01,399.28,0.0,2026-04-01,256.986,0.0,2026-05-01,508.474,0.0,2026-06-01,452.8,0.0,2026-07-01,433.56,0.0
ECL,EL CARACOL,NEUQUINA,Neuquén,Petrolera Aconcagua Energia S.A.,Petrolera Aconcagua Energia S.A.,2025-08-01,2026-07-01,1000.698,108.301,-0.10478660693232722,-0.03322222222222215,ACT-2026-07,2025-08-01,35.08,9.3,2025-09-01,110.873,9.0,2025-10-01,108.795,9.3,2025-11-01,101.522,9.0,2025-12-01,113.139,9.0,2026-01-01,123.441,9.3,2026-02-01,71.69,8.1,2026-03-01,70.448,9.3,2026-04-01,66.341,9.0,2026-05-01,78.805,9.3,2026-06-01,63.615,9.0,2026-07-01,56.949,8.701
ELIM,EL LIMITE,NEUQUINA,Neuquén,CHEVRON ARGENTINA S.R.L.,CHEVRON ARGENTINA S.R.L.,2025-08-01,2026-07-01,3769.35,174.06,0.13215785752900566,0.09547325102880655,ACT-2026-07,2025-08-01,466.92,21.41,2025-09-01,404.57,17.97,2025-10-01,389.93,17.51,2025-11-01,382.24,16.31,2025-12-01,328.07,14.57,2026-01-01,268.01,12.49,2026-02-01,232.62,10.92,2026-03-01,262.77,12.57,2026-04-01,284.73,12.09,2026-05-01,236.77,12.76,2026-06-01,240.47,12.15,2026-07-01,272.25,13.31
ELO,ENTRE LOMAS,NEUQUINA,Neuquén,Petrolera Aconcagua Energia S.A.,Petrolera Aconcagua Energia S.A.,2025-08-01,2026-07-01,13045.728,5588.606,0.07857543630609443,-0.12582217901379744,ACT-2026-07,2025-08-01,1142.536,663.746,2025-09-01,1064.234,566.563,2025-10-01,1121.931,474.552,2025-11-01,915.799,441.653,2025-12-01,1157.89,477.387,2026-01-01,1141.915,523.444,2026-02-01,1011.042,429.795,2026-03-01,979.517,364.201,2026-04-01,1138.551,400.292,2026-05-01,1105.111,473.929,2026-06-01,1090.748,412.471,2026-07-01,1176.454,360.573
ELOR,EL OREJANO,NEUQUINA,Neuquén,YPF S.A.,YPF S.A.,2025-08-01,2026-07-01,849.21,316882.36,4.1858534248762576,1.1739002255947497,ACT-2026-07,2025-08-01,59.67,50339.93,2025-09-01,119.91,30806.15,2025-10-01,0.0,23792.91,2025-11-01,0.0,17778.84,2025-12-01,63.34,15743.94,2026-01-01,0.0,16408.0,2026-02-01,29.98,17197.04,2026-03-01,0.0,42713.82,2026-04-01,27.0,37796.86,2026-05-01,161.89,32114.92,2026-06-01,62.63,10142.08,2026-07-01,324.79,22047.87
ELSA,EL SALITRAL,NEUQUINA,Neuquén,CAPEX S.A.,CAPEX S.A.,2025-08-01,2026-07-01,10941.82,210530.32,0.03915588896556321,0.010237500199173022,ACT-2026-07,2025-08-01,983.15,18980.14,2025-09-01,932.18,19898.17,2025-10-01,994.09,18916.57,2025-11-01,891.55,17764.17,2025-12-01,920.32,18490.88,2026-01-01,900.88,18089.5,2026-02-01,816.29,16119.66,2026-03-01,896.5,17382.23,2026-04-01,861.29,15797.11,2026-05-01,913.47,16289.92,2026-06-01,898.46,16317.46,2026-07-01,933.64,16484.51
EMOL,EL MOLINO,NEUQUINA,Neuquén,,PETROLSUR ENERGIA S.A.,2025-08-01,2026-07-01,0.0,8590.034,,0.0770875469517478,ACT-2026-07,2025-08-01,0.0,775.15,2025-09-01,0.0,752.704,2025-10-01,0.0,756.67,2025-11-01,0.0,695.63,2025-12-01,0.0,334.13,2026-01-01,0.0,697.57,2026-02-01,0.0,720.25,2026-03-01,0.0,915.76,2026-04-01,0.0,749.43,2026-05-01,0.0,754.98,2026-06-01,0.0,692.2,2026-07-01,0.0,745.56
EPNN,EL PORTON NORTE_NEUQUEN,NEUQUINA,Neuquén,QUINTANA E&P ARGENTINA S.R.L.,QUINTANA E&P ARGENTINA S.R.L.,2025-08-01,2026-07-01,919.0479,123297.2,-0.14236642300277602,-0.0060053765362394484,ACT-2026-07,2025-08-01,70.9791,12215.24,2025-09-01,72.1038,11548.61,2025-10-01,105.8281,7752.89,2025-11-01,82.0755,10643.61,2025-12-01,88.4376,11427.89,2026-01-01,81.6582,11525.32,2026-02-01,64.5865,8618.0,2026-03-01,52.7611,7498.21,2026-04-01,54.0459,10928.81,2026-05-01,82.2802,10496.01,2026-06-01,88.4415,10352.39,2026-07-01,75.8504,10290.22
EPSN,EL PORTON SUR_NEUQUEN,NEUQUINA,Neuquén,QUINTANA E&P ARGENTINA S.R.L.,QUINTANA E&P ARGENTINA S.R.L.,2025-08-01,2026-07-01,416.4674,75681.23,0.07797732351237263,-0.0001331089016156639,ACT-2026-07,2025-08-01,64.6457,7249.7,2025-09-01,62.5248,6863.68,2025-10-01,43.3885,10528.36,2025-11-01,36.3293,6174.37,2025-12-01,35.9566,6551.39,2026-01-01,33.4696,6620.51,2026-02-01,21.0456,4865.37,2026-03-01,4.9688,3642.36,2026-04-01,5.0898,5308.83,2026-05-01,33.7241,6007.47,2026-06-01,36.249,5934.99,2026-07-01,39.0756,5934.2
ETE,EL TRAPIAL ESTE,NEUQUINA,Neuquén,CHEVRON ARGENTINA S.R.L.,CHEVRON ARGENTINA S.R.L.,2025-08-01,2026-07-01,1168311.04,507575.4215,-0.02271807466512965,-0.04354853357483479,ACT-2026-07,2025-08-01,79047.58,32192.82,2025-09-01,82908.08,35236.574,2025-10-01,102662.69,43532.82,2025-11-01,94003.51,41083.7842,2025-12-01,100767.69,45322.8831,2026-01-01,101463.36,45971.6527,2026-02-01,92718.66,42040.39,2026-03-01,76198.67,33093.9326,2026-04-01,110318.51,47156.552,2026-05-01,117505.55,49266.32,2026-06-01,106568.89,47370.3,2026-07-01,104147.85,45307.3929
FI3A,FILON 3A,NEUQUINA,Neuquén,TOTAL AUSTRAL S.A.,TOTAL AUSTRAL S.A.,2025-08-01,2026-07-01,4367.841,23413.886,0.11509660274582068,0.02742558984664978,ACT-2026-07,2025-08-01,506.108,2166.614,2025-09-01,497.76,1802.639,2025-10-01,340.406,1985.156,2025-11-01,291.494,1832.23,2025-12-01,319.414,1831.962,2026-01-01,368.132,1836.443,2026-02-01,412.584,1990.118,2026-03-01,273.765,1982.662,2026-04-01,309.825,1791.702,2026-05-01,344.764,1958.259,2026-06-01,332.651,2089.399,2026-07-01,370.938,2146.702
FI3C,FILON 3C,NEUQUINA,Neuquén,TOTAL AUSTRAL S.A.,TOTAL AUSTRAL S.A.,2025-08-01,2026-07-01,5594.232,188285.93,-0.27804999193586377,-0.06029508700589614,ACT-2026-07,2025-08-01,643.379,16935.651,2025-09-01,277.02,8402.443,2025-10-01,258.68,10884.925,2025-11-01,320.742,15418.933,2025-12-01,342.477,13443.375,2026-01-01,438.086,15007.421,2026-02-01,434.063,17459.829,2026-03-01,517.338,17625.374,2026-04-01,545.35,16105.704,2026-05-01,610.642,17723.46,2026-06-01,700.633,20249.892,2026-07-01,505.822,19028.923
FIM,FILO MORADO,NEUQUINA,Neuquén,YPF S.A.,YPF S.A.,2025-08-01,2026-07-01,1641.57,19211.1,0.2864324976538408,-0.01815772716455155,ACT-2026-07,2025-08-01,128.57,1758.9,2025-09-01,163.96,1649.4,2025-10-01,157.91,1577.69,2025-11-01,166.13,1333.23,2025-12-01,2.06,1686.77,2026-01-01,152.34,1678.42,2026-02-01,169.32,1466.93,2026-03-01,156.73,1392.39,2026-04-01,90.21,1822.45,2026-05-01,113.25,1763.73,2026-06-01,149.18,1554.71,2026-07-01,191.91,1526.48
FOR,FORTIN DE PIEDRA,NEUQUINA,Neuquén,TECPETROL S.A.,TECPETROL S.A.,2025-08-01,2026-07-01,538445.9294,6055289.8889,0.05632034269110231,0.038767688476401,ACT-2026-07,2025-08-01,42553.06,646280.258,2025-09-01,40662.9494,510864.6401,2025-10-01,40651.1948,366075.7609,2025-11-01,34275.7688,364269.7116,2025-12-01,28288.7738,441714.901,2026-01-01,35921.9668,453616.608,2026-02-01,47045.249,408943.945,2026-03-01,55150.2528,477851.143,2026-04-01,50660.2794,492324.322,2026-05-01,53586.3388,629430.283,2026-06-01,53323.4504,619942.2933,2026-07-01,56326.6454,643976.023
GUA,GUANACO,NEUQUINA,Neuquén,BENTIA ENERGY S.A.,BENTIA ENERGY S.A.,2025-08-01,2026-07-01,4022.28,41269.88,-0.004235890932149711,0.1578789244404386,ACT-2026-07,2025-08-01,282.09,5300.81,2025-09-01,208.74,2724.28,2025-10-01,169.85,3925.96,2025-11-01,243.11,2958.2,2025-12-01,346.4,488.51,2026-01-01,377.73,792.22,2026-02-01,364.67,3120.06,2026-03-01,449.14,2460.9,2026-04-01,417.39,5108.77,2026-05-01,376.33,5052.92,2026-06-01,394.25,4327.05,2026-07-01,392.58,5010.2
HER,PUESTO HERNANDEZ,NEUQUINA,Neuquén,YPF S.A.,YPF S.A.,2025-08-01,2026-07-01,122487.66,13723.08,0.11430749131304663,0.014906295728213337,ACT-2026-07,2025-08-01,11774.38,1258.26,2025-09-01,10351.71,1150.6,2025-10-01,10950.61,1242.13,2025-11-01,10569.67,1128.97,2025-12-01,10741.64,1143.96,2026-01-01,10500.42,1116.88,2026-02-01,9106.93,979.72,2026-03-01,9810.43,1107.03,2026-04-01,9668.27,1134.93,2026-05-01,9706.78,1174.85,2026-06-01,9131.51,1134.42,2026-07-01,10175.31,1151.33
LAC,LA AMARGA CHICA,NEUQUINA,Neuquén,YPF S.A.,YPF S.A.,2025-08-01,2026-07-01,4844623.86,592440.37,0.05280107383926236,0.016817024338990905,ACT-2026-07,2025-08-01,359355.65,41799.73,2025-09-01,375227.39,43573.98,2025-10-01,435501.69,49612.27,2025-11-01,406825.76,47709.05,2025-12-01,428654.07,53893.41,2026-01-01,414097.68,53290.47,2026-02-01,361314.58,47260.36,2026-03-01,433407.06,54368.29,2026-04-01,429284.29,52594.96,2026-05-01,387083.66,45432.0,2026-06-01,396469.02,51023.89,2026-07-01,417403.01,51881.96
LAEC,LA ESCALONADA,NEUQUINA,Neuquén,VACA MUERTA INVERSIONES SAU,VACA MUERTA INVERSIONES SAU,2025-08-01,2026-07-01,235218.493,86913.5701,-0.4081607499970181,-0.43479088559831913,ACT-2026-07,2025-08-01,20422.727,7126.865,2025-09-01,20332.986,7298.2451,2025-10-01,22434.31,9661.68,2025-11-01,20919.17,7186.48,2025-12-01,22996.79,8030.97,2026-01-01,21608.19,7743.14,2026-02-01,18809.67,6791.72,2026-03-01,21078.41,7765.45,2026-04-01,20803.17,7698.01,2026-05-01,17786.4,6593.55,2026-06-01,17606.47,7038.97,2026-07-01,10420.2,3978.49
LAII,LA ANGOSTURA SUR II,NEUQUINA,Neuquén,YPF S.A.,YPF S.A.,2025-08-01,2026-07-01,632557.63,216037.64,-0.11121388543233535,-0.05265138255479229,ACT-2026-07,2025-08-01,32089.04,12922.31,2025-09-01,32528.3,14708.46,2025-10-01,32687.46,14662.7,2025-11-01,50845.45,19309.57,2025-12-01,52875.45,17959.82,2026-01-01,55637.89,19090.54,2026-02-01,63975.41,18645.17,2026-03-01,76324.57,22619.74,2026-04-01,68101.63,20948.12,2026-05-01,62819.53,19512.55,2026-06-01,55418.08,18311.39,2026-07-01,49254.82,17347.27
LAL,LOS ALAMOS,NEUQUINA,Neuquén,Petrolera Aconcagua Energia S.A.,Petrolera Aconcagua Energia S.A.,2025-08-01,2026-07-01,480.739,102.414,-1.0,-1.0,ACT-2026-07,2025-08-01,95.093,17.547,2025-09-01,91.091,13.886,2025-10-01,83.38,13.282,2025-11-01,58.874,14.903,2025-12-01,32.361,12.001,2026-01-01,63.912,16.741,2026-02-01,52.873,13.585,2026-03-01,2.709,0.287,2026-04-01,0.003,0.0,2026-05-01,0.0,0.0,2026-06-01,0.443,0.182,2026-07-01,0.0,0.0
LAOC,LINDERO ATRAVESADO OCCIDENTAL,NEUQUINA,Neuquén,PAN AMERICAN ENERGY SL,PAN AMERICAN ENERGY SL,2025-08-01,2026-07-01,943692.07,195359.1799,0.240350306034131,0.09364762620716616,ACT-2026-07,2025-08-01,88846.67,16304.49,2025-09-01,94191.65,17221.63,2025-10-01,92882.22,18053.45,2025-11-01,85358.77,16982.51,2025-12-01,79661.88,16515.25,2026-01-01,76520.52,16329.74,2026-02-01,68704.75,14932.79,2026-03-01,71528.89,16488.7999,2026-04-01,64562.28,14878.84,2026-05-01,66256.24,15735.32,2026-06-01,69265.15,15244.38,2026-07-01,85913.05,16671.98
LAOR,LINDERO ATRAVESADO ORIENTAL,NEUQUINA,Neuquén,PAN AMERICAN ENERGY SL,PAN AMERICAN ENERGY SL,2025-08-01,2026-07-01,831.9401,197667.6841,0.03952569169960474,0.023371224772127608,ACT-2026-07,2025-08-01,96.58,19247.08,2025-09-01,80.37,16923.75,2025-10-01,84.2633,17718.1,2025-11-01,75.841,16794.6343,2025-12-01,76.08,17023.6033,2026-01-01,75.8429,16347.98,2026-02-01,59.77,14626.34,2026-03-01,56.7312,16213.6801,2026-04-01,56.18,15506.4747,2026-05-01,56.7617,16230.6601,2026-06-01,55.66,15338.4516,2026-07-01,57.86,15696.93
LAS1,LA ANGOSTURA SUR I,NEUQUINA,Neuquén,YPF S.A.,YPF S.A.,2025-08-01,2026-07-01,1931136.73,442275.46,-0.00044606296706040105,0.14850456659305133,ACT-2026-07,2025-08-01,105644.84,22442.36,2025-09-01,115472.33,25575.17,2025-10-01,149032.04,30121.36,2025-11-01,148044.98,33180.93,2025-12-01,171289.45,39384.91,2026-01-01,171544.19,40503.0,2026-02-01,124781.71,30241.65,2026-03-01,155781.89,38649.23,2026-04-01,184358.09,41631.64,2026-05-01,201298.47,42569.47,2026-06-01,201989.42,45601.83,2026-07-01,201899.32,52373.91
LBLC,LOS BASTOS-LAS COPAS,NEUQUINA,Neuquén,TECPETROL S.A.,TECPETROL S.A.,2025-08-01,2026-07-01,3298.269,954.834,-0.20386059125385214,-0.028233875519523943,ACT-2026-07,2025-08-01,4.468,42.367,2025-09-01,392.916,124.858,2025-10-01,403.403,126.922,2025-11-01,301.75,86.837,2025-12-01,296.734,72.366,2026-01-01,317.742,75.177,2026-02-01,280.921,68.268,2026-03-01,275.137,67.401,2026-04-01,177.385,54.406,2026-05-01,313.334,82.521,2026-06-01,297.571,77.956,2026-07-01,236.908,75.755
LBS,LOS BASTOS SUR,NEUQUINA,Neuquén,TECPETROL S.A.,TECPETROL S.A.,2025-08-01,2026-07-01,8561.65,6523.444,-0.022489664700016676,0.20449281648415507,ACT-2026-07,2025-08-01,826.764,666.796,2025-09-01,737.493,541.064,2025-10-01,711.701,540.241,2025-11-01,767.501,522.425,2025-12-01,762.98,510.38,2026-01-01,836.54,530.485,2026-02-01,750.604,450.749,2026-03-01,539.339,424.585,2026-04-01,399.338,435.579,2026-05-01,706.359,584.769,2026-06-01,770.176,597.131,2026-07-01,752.855,719.24
LCA,LA CALERA,NEUQUINA,Neuquén,PLUSPETROL S.A.,PLUSPETROL S.A.,2025-08-01,2026-07-01,1496674.736,4069087.922,0.039669455038801704,0.05499003239539335,ACT-2026-07,2025-08-01,135908.257,357461.418,2025-09-01,124754.841,343365.708,2025-10-01,106808.009,307637.762,2025-11-01,99215.957,274957.024,2025-12-01,104893.683,282137.369,2026-01-01,119816.858,283633.17,2026-02-01,102532.27,256243.352,2026-03-01,124735.06,337796.609,2026-04-01,128416.665,319785.218,2026-05-01,142413.925,416285.955,2026-06-01,150602.447,432987.179,2026-07-01,156576.764,456797.158
LCAM,LOMA CAMPANA,NEUQUINA,Neuquén,YPF S.A.,YPF S.A.,2025-08-01,2026-07-01,1243914.95,157107.39,0.02068622310945445,-0.005767103067696788,ACT-2026-07,2025-08-01,86621.25,11145.45,2025-09-01,89974.21,11486.5,2025-10-01,99559.13,12055.84,2025-11-01,112275.19,13374.29,2025-12-01,123034.88,15810.87,2026-01-01,121930.23,16499.29,2026-02-01,107231.33,14111.54,2026-03-01,112710.39,14759.75,2026-04-01,106536.34,12888.46,2026-05-01,98925.46,11561.65,2026-06-01,91610.73,11740.73,2026-07-01,93505.81,11673.02
LCLL,LOMA CAMPANA-LLL,NEUQUINA,Neuquén,YPF S.A.,YPF S.A.,2025-08-01,2026-07-01,4071151.0,1078038.14,0.01806657402811296,0.04214755416886007,ACT-2026-07,2025-08-01,332236.8,76451.33,2025-09-01,319614.81,80628.77,2025-10-01,328854.62,84988.29,2025-11-01,336658.56,97624.24,2025-12-01,387945.02,94231.07,2026-01-01,390666.5,92455.62,2026-02-01,324255.19,78504.17,2026-03-01,340067.93,89035.55,2026-04-01,323307.5,89193.49,2026-05-01,339736.91,98988.23,2026-06-01,321003.86,95946.73,2026-07-01,326803.3,99990.65
LCNC,LAS CHIVAS NC,NEUQUINA,Neuquén,TECPETROL S.A.,TECPETROL S.A.,2025-08-01,2026-07-01,752.2617,9283.951,-0.3420108343365126,-0.23644508299167177,ACT-2026-07,2025-08-01,19.2305,635.489,2025-09-01,77.244,758.536,2025-10-01,63.4971,884.065,2025-11-01,61.446,827.018,2025-12-01,71.267,933.068,2026-01-01,81.9031,929.043,2026-02-01,73.783,808.372,2026-03-01,73.304,794.547,2026-04-01,31.07,503.794,2026-05-01,56.28,700.222,2026-06-01,86.392,856.11,2026-07-01,56.845,653.687
LCOL,LOMA COLORADA,NEUQUINA,Neuquén,YPF S.A.,YPF S.A.,2025-08-01,2026-07-01,1189889.58,90509.77,0.0430427042443724,0.014320265532571153,ACT-2026-07,2025-08-01,90989.68,5807.06,2025-09-01,104556.45,6693.61,2025-10-01,115501.57,8346.1,2025-11-01,111300.47,7539.78,2025-12-01,98327.86,7746.26,2026-01-01,107919.67,8301.71,2026-02-01,100386.26,8338.54,2026-03-01,104552.22,8553.86,2026-04-01,96215.13,7901.35,2026-05-01,92633.16,7905.93,2026-06-01,81989.04,6640.24,2026-07-01,85518.07,6735.33
LDL,LOMA LA LATA,NEUQUINA,Neuquén,YPF S.A.,YPF S.A.,2025-08-01,2026-07-01,137100.11,1270571.08,0.12219748695928323,0.05621095763117556,ACT-2026-07,2025-08-01,13765.97,123247.76,2025-09-01,14418.87,116519.86,2025-10-01,11610.3,114659.68,2025-11-01,5058.61,78384.32,2025-12-01,9032.48,91028.54,2026-01-01,9550.33,99611.63,2026-02-01,11092.2,106958.16,2026-03-01,13769.26,116964.18,2026-04-01,11026.99,104970.28,2026-05-01,11912.24,99382.39,2026-06-01,12186.83,106430.85,2026-07-01,13676.03,112413.43
LES,LA ESPERANZA,NEUQUINA,Neuquén,OILSTONE ENERGIA S.A.,,2025-08-01,2026-07-01,360.7135,0.0,0.032971014492753525,,ACT-2026-07,2025-08-01,56.01,0.0,2025-09-01,42.74,0.0,2025-10-01,45.58,0.0,2025-11-01,39.62,0.0,2025-12-01,21.29,0.0,2026-01-01,9.21,0.0,2026-02-01,5.9117,0.0,2026-03-01,9.8,0.0,2026-04-01,35.7717,0.0,2026-05-01,38.6701,0.0,2026-06-01,27.6,0.0,2026-07-01,28.51,0.0
LJE,LOMA JARILLOSA ESTE,NEUQUINA,Neuquén,GEOPARK ARGENTINA S.A.,GEOPARK ARGENTINA S.A.,2025-08-01,2026-07-01,72008.317,6594.3167,-0.5350643176663068,-0.4392091836734694,ACT-2026-07,2025-08-01,7534.782,655.582,2025-09-01,6598.466,579.673,2025-10-01,6127.65,572.1233,2025-11-01,6345.12,585.9709,2025-12-01,7025.07,654.2,2026-01-01,5038.901,489.1322,2026-02-01,5777.478,507.4472,2026-03-01,7572.39,656.54,2026-04-01,7125.83,644.61,2026-05-01,7069.41,649.4447,2026-06-01,3954.59,384.16,2026-07-01,1838.63,215.4334
LMAN,LAS MANADAS,NEUQUINA,Neuquén,BENTIA ENERGY S.A.,BENTIA ENERGY S.A.,2025-08-01,2026-07-01,9488.65,630.67,-0.23188495400138487,-0.1410232899321474,ACT-2026-07,2025-08-01,659.11,23.17,2025-09-01,826.68,18.5,2025-10-01,825.34,17.11,2025-11-01,761.2,28.32,2025-12-01,757.67,21.65,2026-01-01,782.88,58.58,2026-02-01,879.57,51.64,2026-03-01,928.59,91.18,2026-04-01,760.04,55.55,2026-05-01,877.66,163.6,2026-06-01,808.72,54.53,2026-07-01,621.19,46.84
LMP,EL MOGOTITO,NEUQUINA,Neuquén,OILSTONE ENERGIA S.A.,,2025-08-01,2026-07-01,28.3697,0.0,,,ACT-2026-07,2025-08-01,28.3697,0.0,2025-09-01,0.0,0.0,2025-10-01,0.0,0.0,2025-11-01,0.0,0.0,2025-12-01,0.0,0.0,2026-01-01,0.0,0.0,2026-02-01,0.0,0.0,2026-03-01,0.0,0.0,2026-04-01,0.0,0.0,2026-05-01,0.0,0.0,2026-06-01,0.0,0.0,2026-07-01,0.0,0.0
LOOC,LOMAS DE OCAMPO,NEUQUINA,Neuquén,Petrolera Aconcagua Energia S.A.,Petrolera Aconcagua Energia S.A.,2025-08-01,2026-07-01,14655.894,3742.305,0.1739175527801149,-0.0472121233936863,ACT-2026-07,2025-08-01,1311.108,479.278,2025-09-01,1223.322,407.507,2025-10-01,1297.222,336.406,2025-11-01,1064.137,298.397,2025-12-01,1255.495,311.973,2026-01-01,1269.518,332.911,2026-02-01,1076.86,247.618,2026-03-01,1223.204,223.438,2026-04-01,1230.048,256.492,2026-05-01,1273.538,305.781,2026-06-01,1118.461,277.81,2026-07-01,1312.981,264.694
LOP,PUESTO LOPEZ,NEUQUINA,Neuquén,BENTIA ENERGY S.A.,BENTIA ENERGY S.A.,2025-08-01,2026-07-01,2126.21,576.83,0.24168326993902078,0.14956331877729245,ACT-2026-07,2025-08-01,188.87,76.42,2025-09-01,172.11,68.67,2025-10-01,125.62,43.58,2025-11-01,172.69,53.55,2025-12-01,198.93,41.89,2026-01-01,199.3,36.78,2026-02-01,153.33,33.66,2026-03-01,193.19,45.88,2026-04-01,193.12,55.52,2026-05-01,157.76,61.81,2026-06-01,165.63,27.48,2026-07-01,205.66,31.59
LPED,LOMA PEDREGOSA,NEUQUINA,Neuquén,OILSTONE ENERGIA S.A.,,2025-08-01,2026-07-01,6.11,0.0,,,ACT-2026-07,2025-08-01,6.11,0.0,2025-09-01,0.0,0.0,2025-10-01,0.0,0.0,2025-11-01,0.0,0.0,2025-12-01,0.0,0.0,2026-01-01,0.0,0.0,2026-02-01,0.0,0.0,2026-03-01,0.0,0.0,2026-04-01,0.0,0.0,2026-05-01,0.0,0.0,2026-06-01,0.0,0.0,2026-07-01,0.0,0.0
LR,LA RIBERA BLOQUE I,NEUQUINA,Neuquén,YPF S.A.,YPF S.A.,2025-08-01,2026-07-01,30029.66,192289.05,-0.00404513706082632,-0.06764685658466596,ACT-2026-07,2025-08-01,2675.98,18534.47,2025-09-01,2898.49,18139.86,2025-10-01,2461.03,16133.24,2025-11-01,2352.81,12647.02,2025-12-01,2877.05,19803.1,2026-01-01,2547.79,18203.89,2026-02-01,2360.19,15529.86,2026-03-01,2463.81,17161.8,2026-04-01,2246.24,13243.21,2026-05-01,2596.93,15633.3,2026-06-01,2279.28,14106.79,2026-07-01,2270.06,13152.51
LTAC,LAS TACANAS,NEUQUINA,Neuquén,YPF S.A.,YPF S.A.,2025-08-01,2026-07-01,4576.83,26969.65,,,ACT-2026-07,2025-08-01,2059.69,10426.17,2025-09-01,1741.01,11033.12,2025-10-01,309.39,2629.45,2025-11-01,0.0,0.0,2025-12-01,0.0,0.0,2026-01-01,0.0,0.0,2026-02-01,0.0,0.0,2026-03-01,0.0,0.0,2026-04-01,0.0,0.0,2026-05-01,466.74,2880.91,2026-06-01,0.0,0.0,2026-07-01,0.0,0.0
LTII,LAS TACANAS II,NEUQUINA,Neuquén,YPF S.A.,YPF S.A.,2025-08-01,2026-07-01,1792.07,9349.48,0.1726800999005842,0.036138569658323405,ACT-2026-07,2025-08-01,0.0,0.0,2025-09-01,0.0,0.0,2025-10-01,0.0,0.0,2025-11-01,0.0,0.0,2025-12-01,0.0,0.0,2026-01-01,0.0,0.0,2026-02-01,0.0,0.0,2026-03-01,0.0,0.0,2026-04-01,0.0,0.0,2026-05-01,0.0,0.0,2026-06-01,824.82,4591.77,2026-07-01,967.25,4757.71
LYR,LOMA LAS YEGUAS,NEUQUINA,Neuquén,TOTAL AUSTRAL S.A.,TOTAL AUSTRAL S.A.,2025-08-01,2026-07-01,11518.616,215968.326,0.13215900998410657,0.043829554640970825,ACT-2026-07,2025-08-01,1543.161,21881.878,2025-09-01,872.844,20605.124,2025-10-01,577.281,14367.638,2025-11-01,580.732,9496.926,2025-12-01,1091.277,17503.756,2026-01-01,985.17,18569.603,2026-02-01,823.269,19635.905,2026-03-01,821.359,18047.122,2026-04-01,879.934,15751.405,2026-05-01,1083.106,18734.593,2026-06-01,1060.185,20243.555,2026-07-01,1200.298,21130.821
MBE,MESETA BUENA ESPERANZA,NEUQUINA,Neuquén,PLUSPETROL S.A.,PLUSPETROL S.A.,2025-08-01,2026-07-01,16396.179,80759.888,,,ACT-2026-07,2025-08-01,0.0,0.0,2025-09-01,0.0,0.0,2025-10-01,1801.17,8765.036,2025-11-01,2592.975,11589.202,2025-12-01,1609.716,6985.476,2026-01-01,2669.801,11479.073,2026-02-01,2438.845,11153.783,2026-03-01,988.252,5664.502,2026-04-01,1850.45,9277.916,2026-05-01,2444.97,15844.9,2026-06-01,0.0,0.0,2026-07-01,0.0,0.0
MBE1,MESETA BUENA ESPERANZA I,NEUQUINA,Neuquén,YPF S.A.,YPF S.A.,2025-08-01,2026-07-01,6349.43,25704.84,0.13306480059932757,0.09723119700796978,ACT-2026-07,2025-08-01,0.0,0.0,2025-09-01,0.0,0.0,2025-10-01,0.0,0.0,2025-11-01,0.0,0.0,2025-12-01,0.0,0.0,2026-01-01,0.0,0.0,2026-02-01,0.0,0.0,2026-03-01,0.0,0.0,2026-04-01,0.0,0.0,2026-05-01,0.0,0.0,2026-06-01,2976.67,12256.56,2026-07-01,3372.76,13448.28
MDNE,MALLIN DEL NEGRO,NEUQUINA,Neuquén,BENTIA ENERGY S.A.,BENTIA ENERGY S.A.,2025-08-01,2026-07-01,8.82,958.17,0.29729729729729715,0.012957926731723024,ACT-2026-07,2025-08-01,0.0,101.29,2025-09-01,0.0,123.78,2025-10-01,0.0,0.0,2025-11-01,0.71,37.77,2025-12-01,0.0,0.0,2026-01-01,0.0,16.61,2026-02-01,0.0,163.95,2026-03-01,0.0,110.64,2026-04-01,0.0,188.84,2026-05-01,3.01,89.46,2026-06-01,2.22,62.51,2026-07-01,2.88,63.32
MGR,EL MANGRULLO,NEUQUINA,Neuquén,PAMPA ENERGIA S.A.,PAMPA ENERGIA S.A.,2025-08-01,2026-07-01,1558.32,2056651.97,-0.3850184246890834,-0.05191899061253169,ACT-2026-07,2025-08-01,236.6,236982.85,2025-09-01,118.15,152336.9399,2025-10-01,92.01,122410.78,2025-11-01,99.15,130335.6801,2025-12-01,134.39,209315.77,2026-01-01,84.03,199330.38,2026-02-01,106.59,160355.45,2026-03-01,96.11,193789.28,2026-04-01,15.2,135247.82,2026-05-01,15.11,178002.08,2026-06-01,347.36,173783.81,2026-07-01,213.62,164761.13
MMN,MATA MORA NORTE,NEUQUINA,Neuquén,PHOENIX GLOBAL RESOURCES S.A.,PHOENIX GLOBAL RESOURCES S.A.,2025-08-01,2026-07-01,789551.9219,50956.3783,0.13816628376854156,0.12171273166900631,ACT-2026-07,2025-08-01,66501.0749,4316.394,2025-09-01,61419.366,3892.022,2025-10-01,57444.5434,3806.0532,2025-11-01,48734.2446,3263.4605,2025-12-01,42121.0639,2983.2023,2026-01-01,52081.7621,3740.655,2026-02-01,58611.8385,3855.1875,2026-03-01,65187.6946,4037.925,2026-04-01,68312.9295,4258.6794,2026-05-01,83218.3101,4538.5727,2026-06-01,86952.5891,5780.3427,2026-07-01,98966.5052,6483.884
MMO,MEDANO DE LA MORA,NEUQUINA,Neuquén,VISTA ENERGY ARGENTINA SAU,VISTA ENERGY ARGENTINA SAU,2025-08-01,2026-07-01,125610.758,19579.355,0.0075998590630634855,-0.02719963189532626,ACT-2026-07,2025-08-01,10534.604,1364.112,2025-09-01,9598.28,1722.992,2025-10-01,11152.476,1733.621,2025-11-01,11502.254,1697.78,2025-12-01,10578.089,1530.18,2026-01-01,9996.954,1415.58,2026-02-01,8923.26,1111.901,2026-03-01,10376.85,1918.264,2026-04-01,10638.665,1850.861,2026-05-01,11289.894,1889.832,2026-06-01,10469.931,1695.17,2026-07-01,10549.501,1649.062
NB,NB,NEUQUINA,Neuquén,BENTIA ENERGY S.A.,BENTIA ENERGY S.A.,2025-08-01,2026-07-01,177.63,5952.78,0.034700315457413256,0.14414309774086753,ACT-2026-07,2025-08-01,14.65,878.16,2025-09-01,13.42,45.57,2025-10-01,9.8,404.86,2025-11-01,13.58,451.91,2025-12-01,19.38,34.75,2026-01-01,20.06,35.31,2026-02-01,15.34,568.02,2026-03-01,18.32,413.8,2026-04-01,10.64,793.65,2026-05-01,16.64,1219.15,2026-06-01,12.68,516.57,2026-07-01,13.12,591.03
NE,NE,NEUQUINA,Neuquén,BENTIA ENERGY S.A.,BENTIA ENERGY S.A.,2025-08-01,2026-07-01,429.44,557.54,,-0.10625000000000007,ACT-2026-07,2025-08-01,55.02,164.89,2025-09-01,48.98,0.0,2025-10-01,0.0,0.0,2025-11-01,0.0,0.0,2025-12-01,83.01,0.0,2026-01-01,73.65,0.0,2026-02-01,66.99,0.0,2026-03-01,62.29,0.0,2026-04-01,39.5,0.0,2026-05-01,0.0,235.09,2026-06-01,0.0,83.2,2026-07-01,0.0,74.36
NIL,LOMA NEGRA NI,NEUQUINA,Neuquén,OILSTONE ENERGIA S.A.,OILSTONE ENERGIA S.A.,2025-08-01,2026-07-01,308.91,23656.1201,0.26676546869210815,-0.06249387664217321,ACT-2026-07,2025-08-01,39.6,2602.66,2025-09-01,45.58,2414.73,2025-10-01,32.14,2440.66,2025-11-01,24.72,2368.98,2025-12-01,22.77,1405.78,2026-01-01,15.09,1481.99,2026-02-01,2.01,1191.0901,2026-03-01,0.97,936.18,2026-04-01,32.13,2038.5,2026-05-01,32.72,2424.88,2026-06-01,26.99,2245.5,2026-07-01,34.19,2105.17
PAS,PUESTO AGUADA DEL SEMBRADO,NEUQUINA,Neuquén,TECPETROL S.A.,TECPETROL S.A.,2025-08-01,2026-07-01,2887.028,3170.151,-0.1823490008247406,-0.01991096779716639,ACT-2026-07,2025-08-01,0.0,0.0,2025-09-01,320.302,344.89,2025-10-01,325.965,297.747,2025-11-01,302.206,268.17,2025-12-01,243.305,249.825,2026-01-01,281.915,313.392,2026-02-01,277.791,327.675,2026-03-01,233.632,315.716,2026-04-01,168.065,215.758,2026-05-01,264.415,281.864,2026-06-01,258.263,280.348,2026-07-01,211.169,274.766
PBIL,PUESTO BILLAR,NEUQUINA,Neuquén,OILSTONE ENERGIA S.A.,OILSTONE ENERGIA S.A.,2025-08-01,2026-07-01,3.16,156.03,,-0.04400000000000004,ACT-2026-07,2025-08-01,0.72,22.43,2025-09-01,1.03,22.72,2025-10-01,0.92,22.69,2025-11-01,0.49,21.22,2025-12-01,0.0,0.38,2026-01-01,0.0,0.0,2026-02-01,0.0,0.0,2026-03-01,0.0,0.0,2026-04-01,0.0,0.0,2026-05-01,0.0,17.69,2026-06-01,0.0,25.0,2026-07-01,0.0,23.9
PBN,PASO DE LAS BARDAS NORTE,NEUQUINA,Neuquén,,YPF S.A.,2025-08-01,2026-07-01,0.0,15036.74,,0.07432156933810519,ACT-2026-07,2025-08-01,0.0,1360.02,2025-09-01,0.0,1304.72,2025-10-01,0.0,1154.11,2025-11-01,0.0,891.67,2025-12-01,0.0,939.08,2026-01-01,0.0,1147.79,2026-02-01,0.0,1286.64,2026-03-01,0.0,1195.99,2026-04-01,0.0,1504.63,2026-05-01,0.0,1504.9,2026-06-01,0.0,1324.38,2026-07-01,0.0,1422.81
PDYI,PAMPA DE LAS YEGUAS I,NEUQUINA,Neuquén,PLUSPETROL CUENCA NEUQUINA S.R.L.,PLUSPETROL CUENCA NEUQUINA S.R.L.,2025-08-01,2026-07-01,229.75,46068.15,0.9732779097387172,-0.36377868263473045,ACT-2026-07,2025-08-01,48.87,6198.92,2025-09-01,28.85,6437.57,2025-10-01,17.12,5019.59,2025-11-01,0.59,52.64,2025-12-01,0.0,39.19,2026-01-01,0.0,29.13,2026-02-01,1.95,3646.12,2026-03-01,27.5,5730.45,2026-04-01,43.49,4560.31,2026-05-01,11.31,5815.2,2026-06-01,16.84,5218.75,2026-07-01,33.23,3320.28
PEES,PUESTO ESPINOSA OESTE,NEUQUINA,Neuquén,BENTIA ENERGY S.A.,,2025-08-01,2026-07-01,20.37,0.0,,,ACT-2026-07,2025-08-01,3.47,0.0,2025-09-01,4.03,0.0,2025-10-01,0.0,0.0,2025-11-01,0.0,0.0,2025-12-01,0.0,0.0,2026-01-01,0.41,0.0,2026-02-01,4.52,0.0,2026-03-01,3.21,0.0,2026-04-01,4.73,0.0,2026-05-01,0.0,0.0,2026-06-01,0.0,0.0,2026-07-01,0.0,0.0
PEP,PUESTO ESPINOSA,NEUQUINA,Neuquén,BENTIA ENERGY S.A.,BENTIA ENERGY S.A.,2025-08-01,2026-07-01,1371.32,1286.19,-0.2621390034909553,-0.10915547321290708,ACT-2026-07,2025-08-01,136.25,170.2,2025-09-01,141.09,148.56,2025-10-01,97.2,93.89,2025-11-01,118.48,112.47,2025-12-01,174.51,92.54,2026-01-01,130.8,84.29,2026-02-01,89.77,74.65,2026-03-01,141.2,102.88,2026-04-01,95.51,109.45,2026-05-01,82.23,174.79,2026-06-01,94.53,64.77,2026-07-01,69.75,57.7
PLMI,PUESTO LA MIRANDA,NEUQUINA,Neuquén,,TECPETROL S.A.,2025-08-01,2026-07-01,0.0,55.884,,0.16283405842137988,ACT-2026-07,2025-08-01,0.0,4.143,2025-09-01,0.0,4.384,2025-10-01,0.0,4.834,2025-11-01,0.0,4.441,2025-12-01,0.0,4.404,2026-01-01,0.0,4.576,2026-02-01,0.0,4.221,2026-03-01,0.0,4.553,2026-04-01,0.0,4.839,2026-05-01,0.0,5.049,2026-06-01,0.0,4.827,2026-07-01,0.0,5.613
PLOE,PUESTO LOPEZ ESTE,NEUQUINA,Neuquén,BENTIA ENERGY S.A.,BENTIA ENERGY S.A.,2025-08-01,2026-07-01,148.34,22.86,0.4674131495836922,0.11433172302737526,ACT-2026-07,2025-08-01,0.0,0.0,2025-09-01,0.0,0.0,2025-10-01,0.0,0.0,2025-11-01,0.0,0.0,2025-12-01,0.0,0.0,2026-01-01,0.0,0.0,2026-02-01,0.0,0.0,2026-03-01,0.0,0.0,2026-04-01,29.25,3.83,2026-05-01,33.15,5.9,2026-06-01,34.83,6.21,2026-07-01,51.11,6.92
PMO,PUESTO MOLINA,NEUQUINA,Neuquén,YPF S.A.,YPF S.A.,2025-08-01,2026-07-01,11832.96,13680.57,-0.9776170222266877,-0.303442637059988,ACT-2026-07,2025-08-01,972.71,1342.24,2025-09-01,934.73,1264.64,2025-10-01,1083.23,1194.55,2025-11-01,1160.24,1083.41,2025-12-01,1166.13,1038.72,2026-01-01,1266.21,1270.48,2026-02-01,995.55,1165.86,2026-03-01,1133.25,1260.32,2026-04-01,1075.62,1094.02,2026-05-01,1129.47,995.1,2026-06-01,895.77,1161.9,2026-07-01,20.05,809.33
PMPT,PAMPA DEL TINO,NEUQUINA,Neuquén,,TECPETROL S.A.,2025-08-01,2026-07-01,0.0,482.019,,0.16292579878531832,ACT-2026-07,2025-08-01,0.0,35.756,2025-09-01,0.0,37.838,2025-10-01,0.0,41.72,2025-11-01,0.0,38.332,2025-12-01,0.0,38.01,2026-01-01,0.0,39.499,2026-02-01,0.0,36.426,2026-03-01,0.0,38.997,2026-04-01,0.0,41.764,2026-05-01,0.0,43.576,2026-06-01,0.0,41.657,2026-07-01,0.0,48.444
PNET,PARVA NEGRA ESTE,NEUQUINA,Neuquén,,PAMPA ENERGIA S.A.,2025-08-01,2026-07-01,0.0,54453.08,,-0.3605346748051028,ACT-2026-07,2025-08-01,0.0,0.0,2025-09-01,0.0,0.0,2025-10-01,0.0,9750.31,2025-11-01,0.0,6116.76,2025-12-01,0.0,0.0,2026-01-01,0.0,0.0,2026-02-01,0.0,4037.93,2026-03-01,0.0,6668.46,2026-04-01,0.0,5404.32,2026-05-01,0.0,7398.99,2026-06-01,0.0,9195.87,2026-07-01,0.0,5880.44
POR,EL PORVENIR,NEUQUINA,Neuquén,OILSTONE ENERGIA S.A.,,2025-08-01,2026-07-01,3069.59,0.0,0.22516996047430826,,ACT-2026-07,2025-08-01,278.86,0.0,2025-09-01,217.67,0.0,2025-10-01,225.31,0.0,2025-11-01,233.84,0.0,2025-12-01,236.25,0.0,2026-01-01,239.45,0.0,2026-02-01,113.43,0.0,2026-03-01,215.94,0.0,2026-04-01,271.6,0.0,2026-05-01,333.53,0.0,2026-06-01,316.25,0.0,2026-07-01,387.46,0.0
PORN,PORTEZUELOS NORTE,NEUQUINA,Neuquén,OILSTONE ENERGIA S.A.,OILSTONE ENERGIA S.A.,2025-08-01,2026-07-01,106.91,6859.47,,0.060654268429307656,ACT-2026-07,2025-08-01,22.4,693.08,2025-09-01,16.64,778.93,2025-10-01,22.88,776.04,2025-11-01,20.19,778.75,2025-12-01,16.32,885.02,2026-01-01,8.48,730.3,2026-02-01,0.0,0.0,2026-03-01,0.0,211.61,2026-04-01,0.0,570.68,2026-05-01,0.0,515.39,2026-06-01,0.0,446.3,2026-07-01,0.0,473.37
PORO,PORTEZUELOS OESTE,NEUQUINA,Neuquén,OILSTONE ENERGIA S.A.,OILSTONE ENERGIA S.A.,2025-08-01,2026-07-01,32.82,2299.3971,1.7975460122699385,0.17381188496452826,ACT-2026-07,2025-08-01,11.66,292.51,2025-09-01,6.61,264.11,2025-10-01,1.81,92.38,2025-11-01,0.0,0.0,2025-12-01,0.0,0.0,2026-01-01,0.0,46.0055,2026-02-01,0.17,134.9616,2026-03-01,0.0,204.79,2026-04-01,4.25,360.84,2026-05-01,2.13,333.87,2026-06-01,1.63,262.18,2026-07-01,4.56,307.75
PPNC,PUESTO PARADA NC,NEUQUINA,Neuquén,TECPETROL S.A.,TECPETROL S.A.,2025-08-01,2026-07-01,320850.2243,26065.7086,0.10624609134573015,0.19824817934615635,ACT-2026-07,2025-08-01,31817.5316,2521.5493,2025-09-01,25904.8067,2200.091,2025-10-01,27318.0235,2194.1541,2025-11-01,23930.1713,2177.822,2025-12-01,22949.3792,1880.147,2026-01-01,22212.2827,1722.7024,2026-02-01,19290.5777,1518.343,2026-03-01,24077.6625,1780.5241,2026-04-01,31542.3359,2547.3674,2026-05-01,32399.014,2636.5,2026-06-01,28205.8395,2222.9102,2026-07-01,31202.5997,2663.5981
PSI,PUESTO SILVA OESTE,NEUQUINA,Neuquén,GEOPARK ARGENTINA S.A.,,2025-08-01,2026-07-01,2085.769,0.0,0.08571259679612231,,ACT-2026-07,2025-08-01,177.3,0.0,2025-09-01,165.6,0.0,2025-10-01,169.19,0.0,2025-11-01,170.76,0.0,2025-12-01,167.84,0.0,2026-01-01,174.613,0.0,2026-02-01,159.336,0.0,2026-03-01,188.11,0.0,2026-04-01,177.79,0.0,2026-05-01,182.39,0.0,2026-06-01,169.17,0.0,2026-07-01,183.67,0.0
PSNC,PUNTA SENILLOSA NC,NEUQUINA,Neuquén,TECPETROL S.A.,TECPETROL S.A.,2025-08-01,2026-07-01,1146.2982,25795.4098,-0.001228074527997669,0.034205484515484,ACT-2026-07,2025-08-01,103.8101,2024.39,2025-09-01,166.28,2481.148,2025-10-01,126.4979,2540.167,2025-11-01,101.805,2294.947,2025-12-01,91.7626,2200.136,2026-01-01,85.1388,2141.074,2026-02-01,65.0485,1942.5279,2026-03-01,76.4932,2105.387,2026-04-01,84.5795,2056.899,2026-05-01,83.7536,2218.576,2026-06-01,80.614,1863.2129,2026-07-01,80.515,1926.945
PSVM,PUESTO SILVA OESTE - FORMACION VACA MUERTA,NEUQUINA,Neuquén,GEOPARK ARGENTINA S.A.,,2025-08-01,2026-07-01,876.896,0.0,-1.0,,ACT-2026-07,2025-08-01,0.0,0.0,2025-09-01,0.0,0.0,2025-10-01,0.0,0.0,2025-11-01,0.0,0.0,2025-12-01,0.0,0.0,2026-01-01,0.0,0.0,2026-02-01,159.336,0.0,2026-03-01,188.14,0.0,2026-04-01,177.79,0.0,2026-05-01,182.44,0.0,2026-06-01,169.19,0.0,2026-07-01,0.0,0.0
PTO,PUESTO TOUQUET,NEUQUINA,Neuquén,OILSTONE ENERGIA S.A.,OILSTONE ENERGIA S.A.,2025-08-01,2026-07-01,211.25,10949.64,-0.31956762749445666,-0.14391708034022566,ACT-2026-07,2025-08-01,25.94,1644.82,2025-09-01,35.67,1673.63,2025-10-01,39.69,1660.03,2025-11-01,31.75,1562.01,2025-12-01,0.0,29.62,2026-01-01,0.0,0.0,2026-02-01,0.0,0.0,2026-03-01,0.0,0.0,2026-04-01,0.0,0.0,2026-05-01,17.57,1235.01,2026-06-01,36.08,1694.17,2026-07-01,24.55,1450.35
PUCO,PUESTO CORTADERA,NEUQUINA,Neuquén,OILSTONE ENERGIA S.A.,OILSTONE ENERGIA S.A.,2025-08-01,2026-07-01,89.38,12882.09,0.6443452380952384,0.02018487594331453,ACT-2026-07,2025-08-01,12.6,1202.91,2025-09-01,11.09,1195.59,2025-10-01,10.74,1195.76,2025-11-01,7.82,1147.21,2025-12-01,4.82,1290.87,2026-01-01,3.82,1254.53,2026-02-01,5.48,1053.22,2026-03-01,3.17,563.46,2026-04-01,4.57,793.97,2026-05-01,7.5,970.71,2026-06-01,6.72,1095.87,2026-07-01,11.05,1117.99
PUDI,PUESTO DINAMARCA,NEUQUINA,Neuquén,,TECPETROL S.A.,2025-08-01,2026-07-01,0.0,9215.86,,0.2961946786666083,ACT-2026-07,2025-08-01,0.0,18.888,2025-09-01,0.0,463.531,2025-10-01,0.0,772.699,2025-11-01,0.0,956.286,2025-12-01,0.0,991.298,2026-01-01,0.0,1004.041,2026-02-01,0.0,911.771,2026-03-01,0.0,1057.377,2026-04-01,0.0,323.42,2026-05-01,0.0,614.245,2026-06-01,0.0,915.56,2026-07-01,0.0,1186.744
PUEP,PUESTO PARADA,NEUQUINA,Neuquén,TECPETROL S.A.,TECPETROL S.A.,2025-08-01,2026-07-01,6894.9468,739.7701,-0.06238109729161967,0.10265599490303834,ACT-2026-07,2025-08-01,945.5278,78.686,2025-09-01,900.2828,73.977,2025-10-01,537.6314,61.601,2025-11-01,515.333,63.996,2025-12-01,500.3039,60.606,2026-01-01,536.0403,63.6541,2026-02-01,480.433,60.346,2026-03-01,513.3232,63.309,2026-04-01,488.1149,58.253,2026-05-01,491.04,49.734,2026-06-01,509.345,50.226,2026-07-01,477.5715,55.382
PZL,PORTEZUELOS,NEUQUINA,Neuquén,OILSTONE ENERGIA S.A.,OILSTONE ENERGIA S.A.,2025-08-01,2026-07-01,25.22,24710.29,3.175,0.25018973496629404,ACT-2026-07,2025-08-01,8.96,4396.21,2025-09-01,5.28,4215.23,2025-10-01,1.76,1189.99,2025-11-01,0.0,0.0,2025-12-01,0.0,0.0,2026-01-01,0.0,389.36,2026-02-01,0.0,1676.41,2026-03-01,0.0,1399.69,2026-04-01,3.64,2614.19,2026-05-01,1.44,2780.79,2026-06-01,0.8,2687.96,2026-07-01,3.34,3360.46
RANN,RANQUIL CO NORTE,NEUQUINA,Neuquén,OILSTONE ENERGIA S.A.,OILSTONE ENERGIA S.A.,2025-08-01,2026-07-01,749.84,1675.11,-0.010113027959547827,-0.7244320270568341,ACT-2026-07,2025-08-01,80.58,261.75,2025-09-01,74.5,259.46,2025-10-01,75.88,118.17,2025-11-01,56.34,39.35,2025-12-01,41.84,245.93,2026-01-01,47.47,83.72,2026-02-01,42.51,281.58,2026-03-01,44.03,89.03,2026-04-01,79.49,40.89,2026-05-01,73.4,81.74,2026-06-01,67.24,136.01,2026-07-01,66.56,37.48
RCN,RANQUIL CO NORTE (CCS),NEUQUINA,Neuquén,OILSTONE ENERGIA S.A.,OILSTONE ENERGIA S.A.,2025-08-01,2026-07-01,26.08,5878.54,,0.28731860615583704,ACT-2026-07,2025-08-01,4.16,686.24,2025-09-01,5.76,604.69,2025-10-01,12.16,669.23,2025-11-01,1.76,621.29,2025-12-01,0.0,313.32,2026-01-01,0.0,350.29,2026-02-01,0.0,287.51,2026-03-01,0.0,323.85,2026-04-01,0.96,448.52,2026-05-01,1.28,583.74,2026-06-01,0.0,432.76,2026-07-01,0.0,557.1
RDA,RINCON DE ARANDA,NEUQUINA,Neuquén,PAMPA ENERGIA S.A.,PAMPA ENERGIA S.A.,2025-08-01,2026-07-01,1067395.2063,81006.056,-0.17207483701407034,-0.1628240315843833,ACT-2026-07,2025-08-01,75822.88,5539.74,2025-09-01,76011.19,5151.39,2025-10-01,77720.29,5892.12,2025-11-01,81321.8409,5574.34,2025-12-01,91678.7329,5971.16,2026-01-01,88951.4851,6814.8301,2026-02-01,69897.4908,6080.25,2026-03-01,102953.52,8174.01,2026-04-01,97442.28,7561.5107,2026-05-01,126360.85,9965.3017,2026-06-01,98053.6021,7773.5632,2026-07-01,81181.0445,6507.8403
RDM,RINCON DEL MANGRULLO,NEUQUINA,Neuquén,YPF S.A.,YPF S.A.,2025-08-01,2026-07-01,10021.63,1626644.0,0.7590103885185848,0.02945885990478203,ACT-2026-07,2025-08-01,700.83,170214.23,2025-09-01,596.97,108579.96,2025-10-01,556.13,85162.1,2025-11-01,990.18,90691.29,2025-12-01,905.41,107124.09,2026-01-01,985.28,103126.59,2026-02-01,702.21,132573.69,2026-03-01,719.77,171952.61,2026-04-01,840.99,139516.31,2026-05-01,726.57,190616.93,2026-06-01,832.65,161169.17,2026-07-01,1464.64,165917.03
RIAL,RISCO ALTO,NEUQUINA,Neuquén,BENTIA ENERGY S.A.,BENTIA ENERGY S.A.,2025-08-01,2026-07-01,6191.54,127.82,0.1297404722936637,0.3218836565096952,ACT-2026-07,2025-08-01,249.86,0.0,2025-09-01,323.68,0.0,2025-10-01,263.76,0.0,2025-11-01,219.12,0.0,2025-12-01,486.69,0.0,2026-01-01,496.16,3.83,2026-02-01,928.2,17.59,2026-03-01,845.88,21.27,2026-04-01,668.61,22.9,2026-05-01,798.69,20.32,2026-06-01,427.7,18.05,2026-07-01,483.19,23.86
RICF,RINCON CHICO PROFUNDO,NEUQUINA,Neuquén,,TOTAL AUSTRAL S.A.,2025-08-01,2026-07-01,0.0,78710.904,,-0.017626925741430988,ACT-2026-07,2025-08-01,0.0,958.86,2025-09-01,0.0,7502.957,2025-10-01,0.0,8517.545,2025-11-01,0.0,2846.673,2025-12-01,0.0,3229.078,2026-01-01,0.0,4470.815,2026-02-01,0.0,9092.47,2026-03-01,0.0,9907.415,2026-04-01,0.0,8609.906,2026-05-01,0.0,6749.516,2026-06-01,0.0,8487.64,2026-07-01,0.0,8338.029
RLCZ,RINCON LA CENIZA,NEUQUINA,Neuquén,VACA MUERTA INVERSIONES SAU,VACA MUERTA INVERSIONES SAU,2025-08-01,2026-07-01,19827.558,22392.6583,0.18980127894432375,0.13828401644348554,ACT-2026-07,2025-08-01,1556.238,1783.7933,2025-09-01,570.88,761.325,2025-10-01,985.28,1262.93,2025-11-01,1616.43,1683.9,2025-12-01,1205.01,1637.58,2026-01-01,2244.56,2381.25,2026-02-01,1223.35,1091.52,2026-03-01,1616.9,1868.64,2026-04-01,1099.59,1219.97,2026-05-01,2107.02,2397.49,2026-06-01,2558.36,2948.28,2026-07-01,3043.94,3355.98
RNQ,RIO NEUQUEN,NEUQUINA,Neuquén,YPF S.A.,YPF S.A.,2025-08-01,2026-07-01,130419.36,1296626.93,0.3878361920227342,0.2649047142325287,ACT-2026-07,2025-08-01,13825.98,126296.8,2025-09-01,12254.35,119372.4,2025-10-01,10739.36,98842.77,2025-11-01,10590.07,103665.8,2025-12-01,10146.8,102797.6,2026-01-01,10337.13,112510.1,2026-02-01,9354.69,98492.83,2026-03-01,10105.77,105050.1,2026-04-01,9613.66,98564.63,2026-05-01,9924.2,104117.4,2026-06-01,9853.0,100188.1,2026-07-01,13674.35,126728.4
RQC,RANQUIL CO,NEUQUINA,Neuquén,OILSTONE ENERGIA S.A.,OILSTONE ENERGIA S.A.,2025-08-01,2026-07-01,939.24,21837.7329,0.2934926958831343,0.5038422348645666,ACT-2026-07,2025-08-01,117.57,2111.8,2025-09-01,109.0,1951.67,2025-10-01,85.55,2216.65,2025-11-01,89.05,2096.77,2025-12-01,33.25,969.07,2026-01-01,47.09,2008.8946,2026-02-01,53.03,1512.3183,2026-03-01,52.06,1389.56,2026-04-01,102.43,2142.39,2026-05-01,94.78,1900.08,2026-06-01,67.77,1413.24,2026-07-01,87.66,2125.29
SIBL,SIERRAS BLANCAS,NEUQUINA,Neuquén,SHELL ARGENTINA S.A.,SHELL ARGENTINA S.A.,2025-08-01,2026-07-01,496952.49,50183.83,-0.0337683156066404,-0.018714793414404296,ACT-2026-07,2025-08-01,30090.34,2962.57,2025-09-01,33402.69,3306.16,2025-10-01,45461.28,4324.62,2025-11-01,49475.71,4536.2,2025-12-01,48356.27,4717.99,2026-01-01,48984.02,4690.45,2026-02-01,42884.96,4315.64,2026-03-01,44932.78,4398.96,2026-04-01,41275.68,4400.25,2026-05-01,39401.52,4335.8,2026-06-01,36967.79,4136.3,2026-07-01,35719.45,4058.89
SICH,SIERRA CHATA,NEUQUINA,Neuquén,PAMPA ENERGIA S.A.,PAMPA ENERGIA S.A.,2025-08-01,2026-07-01,5333.0001,2481352.37,-0.1584349425010173,-0.011541014032588004,ACT-2026-07,2025-08-01,529.0101,236489.5,2025-09-01,256.3,150929.67,2025-10-01,183.25,145036.96,2025-11-01,3.05,129783.25,2025-12-01,1.51,159048.72,2026-01-01,0.82,164120.92,2026-02-01,1050.44,205931.98,2026-03-01,758.55,233080.83,2026-04-01,642.94,241268.28,2026-05-01,685.27,258718.68,2026-06-01,663.49,280088.04,2026-07-01,558.37,276855.54
SRO,AGUADA SAN ROQUE,NEUQUINA,Neuquén,TOTAL AUSTRAL S.A.,TOTAL AUSTRAL S.A.,2025-08-01,2026-07-01,1237.964,41468.093,0.1278103670104893,0.05236867582523419,ACT-2026-07,2025-08-01,175.523,4082.262,2025-09-01,144.446,2833.919,2025-10-01,89.674,2812.778,2025-11-01,106.047,3583.318,2025-12-01,133.206,3930.762,2026-01-01,147.584,4070.046,2026-02-01,143.443,3946.276,2026-03-01,96.554,3809.95,2026-04-01,57.192,2808.382,2026-05-01,46.72,2974.136,2026-06-01,45.857,3223.721,2026-07-01,51.718,3392.543
SRVM,SAN ROQUE VACA MUERTA,NEUQUINA,Neuquén,TOTAL AUSTRAL S.A.,TOTAL AUSTRAL S.A.,2025-08-01,2026-07-01,5710.1108,1884.5819,-0.07259024034841033,0.14098590970147207,ACT-2026-07,2025-08-01,268.7703,93.744,2025-09-01,472.8775,167.761,2025-10-01,334.883,126.4764,2025-11-01,786.593,246.369,2025-12-01,357.2,110.4553,2026-01-01,463.412,140.1453,2026-02-01,1052.607,312.504,2026-03-01,490.538,184.4373,2026-04-01,371.83,131.0515,2026-05-01,166.975,59.234,2026-06-01,489.997,145.916,2026-07-01,454.428,166.4881
TRA,EL TRAPIAL,NEUQUINA,Neuquén,CHEVRON ARGENTINA S.R.L.,CHEVRON ARGENTINA S.R.L.,2025-08-01,2026-07-01,59002.62,18626.817,0.11716511008462871,0.07453063164529516,ACT-2026-07,2025-08-01,6924.12,2407.91,2025-09-01,7109.8,2349.17,2025-10-01,7366.32,2627.86,2025-11-01,5874.0,1693.15,2025-12-01,4211.75,1546.477,2026-01-01,3968.26,1639.49,2026-02-01,4810.58,1415.33,2026-03-01,3227.87,911.4,2026-04-01,5201.08,1341.52,2026-05-01,3401.61,686.8,2026-06-01,3262.49,967.79,2026-07-01,3644.74,1039.92
VOL,VOLCAN AUCA MAHUIDA,NEUQUINA,Neuquén,BENTIA ENERGY S.A.,BENTIA ENERGY S.A.,2025-08-01,2026-07-01,61359.88,21288.88,0.06829692445972868,0.22856493356094454,ACT-2026-07,2025-08-01,5551.01,2814.18,2025-09-01,4977.41,1873.71,2025-10-01,4559.93,1400.72,2025-11-01,4135.23,1363.26,2025-12-01,3928.12,1263.61,2026-01-01,5351.5,1169.35,2026-02-01,5439.85,1271.26,2026-03-01,6152.26,1413.77,2026-04-01,5409.81,1537.39,2026-05-01,5269.63,1985.82,2026-06-01,5117.8,2331.46,2026-07-01,5467.33,2864.35
Y058,COLLON CURA,NEUQUINA,Neuquén,OILSTONE ENERGIA S.A.,OILSTONE ENERGIA S.A.,2025-08-01,2026-07-01,329.28,101.81,-0.8231922398589065,-0.7989795918367347,ACT-2026-07,2025-08-01,20.82,9.76,2025-09-01,23.37,6.93,2025-10-01,34.97,9.42,2025-11-01,36.36,8.83,2025-12-01,25.54,6.53,2026-01-01,33.74,7.91,2026-02-01,39.68,9.95,2026-03-01,22.08,7.77,2026-04-01,36.97,11.95,2026-05-01,29.06,10.99,2026-06-01,22.68,9.8,2026-07-01,4.01,1.97
Y065,LOS TOLDOS ESTE,NEUQUINA,Neuquén,TECPETROL S.A.,TECPETROL S.A.,2025-08-01,2026-07-01,184499.2558,49362.0685,-0.36301093775312054,-0.37041645486949537,ACT-2026-07,2025-08-01,9758.457,2027.8531,2025-09-01,10308.4372,2113.6744,2025-10-01,11324.5572,2692.096,2025-11-01,11656.557,3110.486,2025-12-01,12405.2271,3384.9102,2026-01-01,16576.056,4509.1731,2026-02-01,20003.812,5435.2491,2026-03-01,20349.723,5503.043,2026-04-01,22513.3162,5937.1332,2026-05-01,19052.523,5689.34,2026-06-01,18662.6721,5497.7914,2026-07-01,11887.918,3461.319
Z001,ABUTARDA,NEUQUINA,Neuquén,YPF S.A.,YPF S.A.,2025-08-01,2026-07-01,126.53,63.03,-1.0,-0.9879032258064516,ACT-2026-07,2025-08-01,14.58,4.36,2025-09-01,11.26,4.62,2025-10-01,9.89,5.6,2025-11-01,9.35,6.55,2025-12-01,11.0,7.2,2026-01-01,10.98,7.15,2026-02-01,16.5,5.81,2026-03-01,13.92,5.26,2026-04-01,11.45,5.29,2026-05-01,10.96,6.17,2026-06-01,6.64,4.96,2026-07-01,0.0,0.06
Z011,AGUADA TOLEDO,NEUQUINA,Neuquén,YPF S.A.,YPF S.A.,2025-08-01,2026-07-01,24447.16,2603.81,-0.08123372754503233,-0.04369449378330381,ACT-2026-07,2025-08-01,4194.56,454.34,2025-09-01,3642.12,369.28,2025-10-01,3097.73,437.29,2025-11-01,3197.52,230.21,2025-12-01,1632.25,140.29,2026-01-01,1172.12,148.79,2026-02-01,1453.08,185.09,2026-03-01,1253.54,119.73,2026-04-01,1219.23,102.42,2026-05-01,1234.08,141.02,2026-06-01,1225.23,140.75,2026-07-01,1125.7,134.6
Z050,BARREALES COLORADOS,NEUQUINA,Neuquén,YPF S.A.,YPF S.A.,2025-08-01,2026-07-01,0.32,802.8,,0.11897725812668614,ACT-2026-07,2025-08-01,0.0,100.32,2025-09-01,0.0,79.17,2025-10-01,0.0,88.68,2025-11-01,0.0,2.86,2025-12-01,0.0,33.21,2026-01-01,0.0,84.25,2026-02-01,0.0,75.89,2026-03-01,0.0,78.77,2026-04-01,0.0,31.71,2026-05-01,0.0,63.02,2026-06-01,0.0,77.83,2026-07-01,0.32,87.09
Z051,BARROSA NORTE,NEUQUINA,Neuquén,YPF S.A.,YPF S.A.,2025-08-01,2026-07-01,187.03,8763.37,9.993333333333332,8.63458764914121,ACT-2026-07,2025-08-01,25.95,1794.9,2025-09-01,15.39,1396.5,2025-10-01,37.46,2666.72,2025-11-01,90.24,2094.15,2025-12-01,0.0,0.0,2026-01-01,0.0,0.0,2026-02-01,0.0,0.0,2026-03-01,0.0,0.0,2026-04-01,0.0,0.0,2026-05-01,0.0,0.0,2026-06-01,1.5,76.27,2026-07-01,16.49,734.83
Z052,BARROSA OESTE,NEUQUINA,Neuquén,,YPF S.A.,2025-08-01,2026-07-01,0.0,3052.95,,-0.015911265459442214,ACT-2026-07,2025-08-01,0.0,290.72,2025-09-01,0.0,262.66,2025-10-01,0.0,288.49,2025-11-01,0.0,256.25,2025-12-01,0.0,250.15,2026-01-01,0.0,225.67,2026-02-01,0.0,196.37,2026-03-01,0.0,199.46,2026-04-01,0.0,270.03,2026-05-01,0.0,253.26,2026-06-01,0.0,282.19,2026-07-01,0.0,277.7
Z059,CAMPAMENTO DOS,NEUQUINA,Neuquén,BENTIA ENERGY S.A.,BENTIA ENERGY S.A.,2025-08-01,2026-07-01,2894.95,6063.14,0.4837610899873257,0.12687370435337275,ACT-2026-07,2025-08-01,247.44,643.96,2025-09-01,196.0,612.37,2025-10-01,225.55,412.6,2025-11-01,188.17,521.25,2025-12-01,226.84,479.08,2026-01-01,187.12,467.14,2026-02-01,213.85,462.35,2026-03-01,256.85,357.61,2026-04-01,231.54,574.21,2026-05-01,294.49,465.56,2026-06-01,252.48,501.68,2026-07-01,374.62,565.33
Z061,CAMPAMENTO UNO,NEUQUINA,Neuquén,BENTIA ENERGY S.A.,BENTIA ENERGY S.A.,2025-08-01,2026-07-01,30997.64,27055.65,-0.0709762208810969,-0.047879342911109846,ACT-2026-07,2025-08-01,2659.27,2757.4,2025-09-01,2402.06,2766.03,2025-10-01,2949.87,1891.09,2025-11-01,2291.78,2334.59,2025-12-01,2486.16,2099.16,2026-01-01,2332.32,2138.34,2026-02-01,2381.7,1975.83,2026-03-01,2798.92,1943.31,2026-04-01,2752.03,2324.88,2026-05-01,2762.23,2050.25,2026-06-01,2685.97,2445.94,2026-07-01,2495.33,2328.83
Z078,CERRO BANDERA NORTE,NEUQUINA,Neuquén,OILSTONE ENERGIA S.A.,OILSTONE ENERGIA S.A.,2025-08-01,2026-07-01,24.11,353.0,0.04694835680751175,0.03333333333333344,ACT-2026-07,2025-08-01,2.11,31.0,2025-09-01,1.54,30.0,2025-10-01,2.35,31.0,2025-11-01,2.08,30.0,2025-12-01,2.07,31.0,2026-01-01,1.86,31.0,2026-02-01,1.75,28.0,2026-03-01,1.29,19.0,2026-04-01,2.46,30.0,2026-05-01,2.24,31.0,2026-06-01,2.13,30.0,2026-07-01,2.23,31.0
Z094,CERRO HAMACA OESTE,NEUQUINA,Neuquén,PETROLEOS SUDAMERICANOS S.A.,PETROLEOS SUDAMERICANOS S.A.,2025-08-01,2026-07-01,34570.948,4562.5,0.008351969031706208,0.03333333333333344,ACT-2026-07,2025-08-01,2848.04,387.5,2025-09-01,2961.725,375.0,2025-10-01,3090.469,387.5,2025-11-01,3044.239,375.0,2025-12-01,3004.836,387.5,2026-01-01,2978.061,387.5,2026-02-01,2649.88,350.0,2026-03-01,2866.64,387.5,2026-04-01,2827.294,375.0,2026-05-01,2777.497,387.5,2026-06-01,2749.651,375.0,2026-07-01,2772.616,387.5
Z115,CUPEN,NEUQUINA,Neuquén,,YPF S.A.,2025-08-01,2026-07-01,0.0,9005.63,,-0.03971541071408313,ACT-2026-07,2025-08-01,0.0,914.44,2025-09-01,0.0,720.16,2025-10-01,0.0,1065.87,2025-11-01,0.0,467.81,2025-12-01,0.0,563.25,2026-01-01,0.0,761.74,2026-02-01,0.0,640.09,2026-03-01,0.0,573.11,2026-04-01,0.0,650.01,2026-05-01,0.0,921.61,2026-06-01,0.0,881.27,2026-07-01,0.0,846.27
Z116,CUPEN MAHUIDA,NEUQUINA,Neuquén,YPF S.A.,YPF S.A.,2025-08-01,2026-07-01,10.91,439781.38,,0.016454587505822182,ACT-2026-07,2025-08-01,0.0,42488.61,2025-09-01,0.0,37214.44,2025-10-01,0.0,37759.62,2025-11-01,0.0,31988.45,2025-12-01,0.0,33113.63,2026-01-01,0.0,32061.94,2026-02-01,0.0,32755.65,2026-03-01,0.0,29646.05,2026-04-01,0.0,35479.24,2026-05-01,0.0,39259.52,2026-06-01,0.0,43648.01,2026-07-01,10.91,44366.22
Z135,EL LIMITE,NEUQUINA,Neuquén,YPF S.A.,YPF S.A.,2025-08-01,2026-07-01,3769.28,174.06,0.13220494053064957,0.09547325102880655,ACT-2026-07,2025-08-01,466.92,21.41,2025-09-01,404.57,17.97,2025-10-01,389.93,17.51,2025-11-01,382.23,16.31,2025-12-01,328.06,14.57,2026-01-01,268.0,12.49,2026-02-01,232.6,10.92,2026-03-01,262.77,12.57,2026-04-01,284.72,12.09,2026-05-01,236.77,12.76,2026-06-01,240.46,12.15,2026-07-01,272.25,13.31
Z175,LA ANTENA,NEUQUINA,Neuquén,BENTIA ENERGY S.A.,,2025-08-01,2026-07-01,614.7,0.0,,,ACT-2026-07,2025-08-01,92.27,0.0,2025-09-01,84.36,0.0,2025-10-01,0.0,0.0,2025-11-01,0.0,0.0,2025-12-01,98.51,0.0,2026-01-01,102.04,0.0,2026-02-01,92.6,0.0,2026-03-01,57.76,0.0,2026-04-01,87.16,0.0,2026-05-01,0.0,0.0,2026-06-01,0.0,0.0,2026-07-01,0.0,0.0
Z221,LOMA DEL MELON,NEUQUINA,Neuquén,YPF S.A.,YPF S.A.,2025-08-01,2026-07-01,1334.27,2756.5,-0.9362411631319194,-0.9315268969799104,ACT-2026-07,2025-08-01,87.91,260.54,2025-09-01,103.08,258.98,2025-10-01,130.3,260.08,2025-11-01,132.24,261.32,2025-12-01,142.51,222.99,2026-01-01,151.96,297.81,2026-02-01,125.04,301.33,2026-03-01,121.97,249.17,2026-04-01,127.84,220.82,2026-05-01,131.67,182.53,2026-06-01,74.97,225.49,2026-07-01,4.78,15.44
Z227,LOMITA,NEUQUINA,Neuquén,YPF S.A.,YPF S.A.,2025-08-01,2026-07-01,5152.83,160.69,-0.04306063926514825,0.05975794251134636,ACT-2026-07,2025-08-01,448.26,14.39,2025-09-01,435.99,14.25,2025-10-01,458.62,14.54,2025-11-01,420.72,12.98,2025-12-01,412.3,13.19,2026-01-01,424.18,12.76,2026-02-01,390.93,11.48,2026-03-01,433.22,13.24,2026-04-01,439.79,13.04,2026-05-01,449.43,13.59,2026-06-01,428.93,13.22,2026-07-01,410.46,14.01
Z228,LOMITA NORTE,NEUQUINA,Neuquén,YPF S.A.,,2025-08-01,2026-07-01,54.46,0.0,-0.3071833648393195,,ACT-2026-07,2025-08-01,0.0,0.0,2025-09-01,0.0,0.0,2025-10-01,7.98,0.0,2025-11-01,0.0,0.0,2025-12-01,0.0,0.0,2026-01-01,1.75,0.0,2026-02-01,11.65,0.0,2026-03-01,0.0,0.0,2026-04-01,0.0,0.0,2026-05-01,15.17,0.0,2026-06-01,10.58,0.0,2026-07-01,7.33,0.0
Z230,LOMITA SUR,NEUQUINA,Neuquén,YPF S.A.,YPF S.A.,2025-08-01,2026-07-01,64383.84,3075.54,0.029115866226681053,-0.02668034889687021,ACT-2026-07,2025-08-01,5720.81,288.97,2025-09-01,5508.23,270.07,2025-10-01,5686.14,273.87,2025-11-01,5304.57,257.06,2025-12-01,5372.21,274.45,2026-01-01,5633.25,261.79,2026-02-01,5116.86,234.29,2026-03-01,5310.31,256.59,2026-04-01,5309.05,247.22,2026-05-01,5331.84,249.71,2026-06-01,4972.89,233.88,2026-07-01,5117.68,227.64
Z259,NARAMBUENA,NEUQUINA,Neuquén,YPF S.A.,YPF S.A.,2025-08-01,2026-07-01,102493.71,20723.45,-0.16523643205447247,-0.04872351971820621,ACT-2026-07,2025-08-01,442.33,38.29,2025-09-01,357.28,37.72,2025-10-01,323.16,37.71,2025-11-01,284.01,39.93,2025-12-01,316.5,43.45,2026-01-01,308.78,43.57,2026-02-01,243.85,36.34,2026-03-01,7496.13,1537.17,2026-04-01,15539.24,3475.12,2026-05-01,23899.63,5618.0,2026-06-01,29040.69,5030.63,2026-07-01,24242.11,4785.52
Z262,NORTE DEL OCTOGONO,NEUQUINA,Neuquén,BENTIA ENERGY S.A.,BENTIA ENERGY S.A.,2025-08-01,2026-07-01,414.51,18176.21,,0.2577595691701895,ACT-2026-07,2025-08-01,38.64,1908.52,2025-09-01,54.09,1863.15,2025-10-01,0.0,1278.92,2025-11-01,0.0,1604.31,2025-12-01,62.65,1495.9,2026-01-01,61.69,1516.99,2026-02-01,60.84,1397.61,2026-03-01,76.93,885.99,2026-04-01,59.67,1732.48,2026-05-01,0.0,1373.2,2026-06-01,0.0,1381.52,2026-07-01,0.0,1737.62
Z270,PARVA NEGRA,NEUQUINA,Neuquén,,PAMPA ENERGIA S.A.,2025-08-01,2026-07-01,0.0,54453.078,,-0.3605346267249855,ACT-2026-07,2025-08-01,0.0,0.0,2025-09-01,0.0,0.0,2025-10-01,0.0,9750.312,2025-11-01,0.0,6116.755,2025-12-01,0.0,0.0,2026-01-01,0.0,0.0,2026-02-01,0.0,4037.926,2026-03-01,0.0,6668.46,2026-04-01,0.0,5404.316,2026-05-01,0.0,7398.992,2026-06-01,0.0,9195.874,2026-07-01,0.0,5880.443
Z280,PIEDRAS NEGRAS,NEUQUINA,Neuquén,,YPF S.A.,2025-08-01,2026-07-01,0.0,14377.59,,0.001213449990002724,ACT-2026-07,2025-08-01,0.0,1148.14,2025-09-01,0.0,1086.85,2025-10-01,0.0,997.59,2025-11-01,0.0,774.71,2025-12-01,0.0,815.4,2026-01-01,0.0,806.61,2026-02-01,0.0,1334.74,2026-03-01,0.0,1521.76,2026-04-01,0.0,1459.21,2026-05-01,0.0,1530.0,2026-06-01,0.0,1450.41,2026-07-01,0.0,1452.17
Z281,PIEDRAS NEGRAS OESTE,NEUQUINA,Neuquén,,YPF S.A.,2025-08-01,2026-07-01,0.0,11238.45,,-0.3302476556864631,ACT-2026-07,2025-08-01,0.0,1372.67,2025-09-01,0.0,1375.82,2025-10-01,0.0,1262.19,2025-11-01,0.0,1291.18,2025-12-01,0.0,1360.74,2026-01-01,0.0,1344.35,2026-02-01,0.0,553.42,2026-03-01,0.0,654.65,2026-04-01,0.0,615.16,2026-05-01,0.0,574.93,2026-06-01,0.0,499.08,2026-07-01,0.0,334.26
Z312,PUNTA ESTE DE LA SIERRA NEGRA,NEUQUINA,Neuquén,YPF S.A.,YPF S.A.,2025-08-01,2026-07-01,735.55,21.92,0.08968266135213843,0.007633587786259444,ACT-2026-07,2025-08-01,58.72,1.88,2025-09-01,62.74,2.13,2025-10-01,65.85,2.15,2025-11-01,12.27,0.42,2025-12-01,64.9,3.01,2026-01-01,69.54,3.07,2026-02-01,63.52,2.72,2026-03-01,66.86,1.32,2026-04-01,66.8,1.28,2026-05-01,68.04,1.31,2026-06-01,65.23,1.31,2026-07-01,71.08,1.32
Z349,SIERRA BARROSA,NEUQUINA,Neuquén,YPF S.A.,YPF S.A.,2025-08-01,2026-07-01,71403.7,57144.61,-0.06040261946529857,0.011900570856824277,ACT-2026-07,2025-08-01,1420.07,4918.41,2025-09-01,1228.47,3454.88,2025-10-01,1143.93,3848.75,2025-11-01,901.06,3256.62,2025-12-01,1584.77,3728.46,2026-01-01,13794.61,5481.25,2026-02-01,10919.95,5128.57,2026-03-01,10404.55,4790.73,2026-04-01,7967.06,5071.63,2026-05-01,8041.66,5521.28,2026-06-01,7216.74,5936.69,2026-07-01,6780.83,6007.34
Z350,SIERRA BARROSA ESTE,NEUQUINA,Neuquén,,YPF S.A.,2025-08-01,2026-07-01,0.0,784.67,,0.07180851063829796,ACT-2026-07,2025-08-01,0.0,65.38,2025-09-01,0.0,62.49,2025-10-01,0.0,61.17,2025-11-01,0.0,70.1,2025-12-01,0.0,73.05,2026-01-01,0.0,70.07,2026-02-01,0.0,59.5,2026-03-01,0.0,58.52,2026-04-01,0.0,67.06,2026-05-01,0.0,64.9,2026-06-01,0.0,63.92,2026-07-01,0.0,68.51
